-- phpMyAdmin SQL Dump
-- version 4.0.10.18
-- https://www.phpmyadmin.net
--
-- Servidor: localhost:3306
-- Tiempo de generación: 30-10-2017 a las 22:28:16
-- Versión del servidor: 5.6.36-cll-lve
-- Versión de PHP: 5.6.30

SET SQL_MODE = "NO_AUTO_VALUE_ON_ZERO";
SET time_zone = "+00:00";


/*!40101 SET @OLD_CHARACTER_SET_CLIENT=@@CHARACTER_SET_CLIENT */;
/*!40101 SET @OLD_CHARACTER_SET_RESULTS=@@CHARACTER_SET_RESULTS */;
/*!40101 SET @OLD_COLLATION_CONNECTION=@@COLLATION_CONNECTION */;
/*!40101 SET NAMES utf8 */;

--
-- Base de datos: `guiobd`
--

-- --------------------------------------------------------

--
-- Estructura de tabla para la tabla `admins`
--

CREATE TABLE IF NOT EXISTS `admins` (
  `id` int(10) unsigned NOT NULL,
  `created_at` timestamp NULL DEFAULT NULL,
  `updated_at` timestamp NULL DEFAULT NULL,
  `deleted_at` timestamp NULL DEFAULT NULL,
  `admin_nombre` varchar(200) COLLATE utf8mb4_unicode_ci NOT NULL,
  `admin_apellidos` varchar(200) COLLATE utf8mb4_unicode_ci NOT NULL,
  `email` varchar(100) COLLATE utf8mb4_unicode_ci NOT NULL,
  `password` varchar(100) COLLATE utf8mb4_unicode_ci NOT NULL,
  `admin_estado` tinyint(1) NOT NULL DEFAULT '1',
  `remember_token` varchar(200) COLLATE utf8mb4_unicode_ci NOT NULL,
  `admin_foto` varchar(200) COLLATE utf8mb4_unicode_ci NOT NULL
) ENGINE=InnoDB DEFAULT CHARSET=utf8mb4 COLLATE=utf8mb4_unicode_ci ROW_FORMAT=DYNAMIC;

--
-- Volcado de datos para la tabla `admins`
--

INSERT INTO `admins` (`id`, `created_at`, `updated_at`, `deleted_at`, `admin_nombre`, `admin_apellidos`, `email`, `password`, `admin_estado`, `remember_token`, `admin_foto`) VALUES
(1, '2017-04-07 20:57:37', '2017-04-07 20:57:37', NULL, 'Cesar', 'Cueva Mejia', 'imarvdt@gmail.com', '$2y$10$DV6e1S6q1PBCC4YLxBgsb.sgSjlRojtYGA2CiNwFKmg6Lkrb2upoy', 1, 'JrGY3rEzxCoQLkJEsXsr1yL4NwaMDi3AMcpeKkmmR3AxDFC1gE7w88CNa1Jz', ''),
(2, '2017-05-11 15:48:53', '2017-05-11 15:48:53', NULL, 'Luis Cruz', 'Cespedez', 'lcruz@cursania.com', '$2y$10$sKatHrNs4D5amsJG7dtah.quO.905ED6Ilqv0F../tgwQM0OR5XQi', 1, '', 'default');

-- --------------------------------------------------------

--
-- Estructura de tabla para la tabla `clients`
--

CREATE TABLE IF NOT EXISTS `clients` (
  `id` int(11) NOT NULL AUTO_INCREMENT,
  `users_id` int(11) NOT NULL,
  PRIMARY KEY (`id`)
) ENGINE=InnoDB  DEFAULT CHARSET=utf8 AUTO_INCREMENT=33 ;

--
-- Volcado de datos para la tabla `clients`
--

INSERT INTO `clients` (`id`, `users_id`) VALUES
(1, 1),
(2, 3),
(3, 4),
(4, 7),
(5, 8),
(6, 9),
(7, 17),
(8, 18),
(9, 19),
(10, 20),
(11, 21),
(12, 22),
(13, 23),
(14, 24),
(15, 26),
(16, 28),
(17, 29),
(18, 30),
(19, 31),
(20, 32),
(21, 33),
(22, 34),
(23, 35),
(24, 36),
(25, 37),
(26, 38),
(27, 39),
(28, 40),
(29, 41),
(30, 42),
(31, 46),
(32, 47);

-- --------------------------------------------------------

--
-- Estructura de tabla para la tabla `client_card`
--

CREATE TABLE IF NOT EXISTS `client_card` (
  `id` int(11) NOT NULL AUTO_INCREMENT,
  `codigo` varchar(100) NOT NULL,
  `tarjeta` varchar(4) NOT NULL,
  `descripcion` text NOT NULL,
  `defecto` int(11) DEFAULT '0',
  `user_id` int(11) NOT NULL,
  PRIMARY KEY (`id`)
) ENGINE=InnoDB  DEFAULT CHARSET=latin1 AUTO_INCREMENT=39 ;

--
-- Volcado de datos para la tabla `client_card`
--

INSERT INTO `client_card` (`id`, `codigo`, `tarjeta`, `descripcion`, `defecto`, `user_id`) VALUES
(16, 'crd_test_8TWWoz5Gu9bgIPAn', '4111', 'Visa', 0, 24),
(17, 'crd_test_8TWWoz5Gu9bgIPAn', '4111', 'Visa', 0, 24),
(18, 'crd_test_DRq1DcgCxA2NQfFq', '4444', 'Visa', 1, 24),
(19, 'crd_test_U3u5U9z4INCZyPb8', '4111', 'Visa', 1, 26),
(20, 'crd_test_9cApG1sqKNFT4YlS', '4111', 'Visa', 1, 18),
(21, 'crd_test_TrRHJDuIfjUvZMin', '4111', 'Visa', 1, 28),
(22, 'crd_test_FM53aU2EXdm1xOcj', '3712', 'American Express', 0, 28),
(23, 'crd_test_qfjo6kCf6rRjebcX', '1111', 'Visa', 0, 33),
(24, 'crd_test_qfjo6kCf6rRjebcX', '1111', 'Visa', 0, 33),
(25, 'crd_test_q9n4b3Hx1MKzbqy5', '2122', 'Amex', 0, 33),
(26, 'crd_test_37l4zEWNtre8t1Iq', '1210', 'Diners Club', 0, 33),
(27, 'crd_test_RSU7AvBG07KboK8G', '1111', 'Visa', 1, 33),
(28, 'crd_test_HbCsL1HJTBoRSbrF', '1111', 'Visa', 1, 34),
(29, 'crd_test_arYAoIRCrfD0TGC5', '1111', 'Visa', 0, 35),
(30, 'crd_test_oVHc6xmmoHkILoNK', '1111', 'Visa', 1, 35),
(31, 'crd_test_lQ9CcFwxSBKHnDDO', '1111', 'Visa', 1, 36),
(32, 'crd_test_lfg432jmUxrHIpfz', '1111', 'Visa', 1, 37),
(33, 'crd_test_rNvPr2gCG2Z3w0Q6', '1111', 'Visa', 1, 38),
(34, 'crd_test_BKhjPUcFCKWkRJKI', '1111', 'Visa', 1, 40),
(35, 'crd_test_CwgaydkDlPRfOuPS', '1111', 'Visa', 1, 42),
(36, 'crd_test_dZmPmFpn8LP5nUr0', '1111', 'Visa', 1, 41),
(37, 'crd_test_eWvajANj95t5ySWr', '4111', 'Visa', 0, 46),
(38, 'crd_test_02BuQbSmsbzazBCi', '1210', 'Diners Club', 1, 46);

-- --------------------------------------------------------

--
-- Estructura de tabla para la tabla `client_cupones`
--

CREATE TABLE IF NOT EXISTS `client_cupones` (
  `codigo` text NOT NULL,
  `porcentaje` int(11) NOT NULL,
  `user_id` int(11) NOT NULL,
  `estado` int(11) NOT NULL,
  `monto_maximo` decimal(10,2) NOT NULL,
  `id` int(11) NOT NULL AUTO_INCREMENT,
  PRIMARY KEY (`id`)
) ENGINE=InnoDB  DEFAULT CHARSET=utf8 AUTO_INCREMENT=6 ;

--
-- Volcado de datos para la tabla `client_cupones`
--

INSERT INTO `client_cupones` (`codigo`, `porcentaje`, `user_id`, `estado`, `monto_maximo`, `id`) VALUES
('PRUQHX', 70, 7, 0, '100.00', 3),
('6MZYPQ', 70, 7, 0, '100.00', 4),
('1B65DK', 70, 28, 0, '100.00', 5);

-- --------------------------------------------------------

--
-- Estructura de tabla para la tabla `client_puntos`
--

CREATE TABLE IF NOT EXISTS `client_puntos` (
  `id` int(11) NOT NULL AUTO_INCREMENT,
  `user_id` int(11) NOT NULL,
  `puntos` tinyint(4) NOT NULL,
  `carreras_pendientes` tinyint(4) NOT NULL,
  PRIMARY KEY (`id`)
) ENGINE=InnoDB  DEFAULT CHARSET=utf8 AUTO_INCREMENT=17 ;

--
-- Volcado de datos para la tabla `client_puntos`
--

INSERT INTO `client_puntos` (`id`, `user_id`, `puntos`, `carreras_pendientes`) VALUES
(4, 3, 4, 2),
(5, 7, 6, 0),
(6, 8, 2, 0),
(7, 9, 3, 6),
(8, 17, 1, 0),
(9, 24, 3, 0),
(10, 18, 4, 0),
(11, 35, 4, 0),
(12, 28, 9, 0),
(13, 36, 1, 0),
(14, 37, 3, 0),
(15, 38, 1, 0),
(16, 41, 1, 0);

-- --------------------------------------------------------

--
-- Estructura de tabla para la tabla `comments`
--

CREATE TABLE IF NOT EXISTS `comments` (
  `id` int(11) NOT NULL AUTO_INCREMENT,
  `comment` varchar(256) NOT NULL,
  `puntos` int(11) NOT NULL,
  `clients_id` int(11) NOT NULL,
  `organizations_id` int(11) NOT NULL,
  `drivers_id` int(11) NOT NULL,
  PRIMARY KEY (`id`)
) ENGINE=InnoDB  DEFAULT CHARSET=utf8 AUTO_INCREMENT=31 ;

--
-- Volcado de datos para la tabla `comments`
--

INSERT INTO `comments` (`id`, `comment`, `puntos`, `clients_id`, `organizations_id`, `drivers_id`) VALUES
(1, ' ', 10, 6, 0, 6),
(2, ' ', 10, 6, 0, 6),
(3, ' ', 5, 6, 0, 6),
(4, ' ', 10, 6, 0, 6),
(5, ' ', 10, 6, 0, 6),
(6, ' ', 10, 6, 0, 6),
(7, ' ', 10, 6, 0, 6),
(8, ' ', 10, 7, 0, 10),
(9, ' ', 10, 14, 0, 10),
(10, ' ', 10, 14, 0, 10),
(11, ' ', 10, 14, 0, 11),
(12, ' ', 8, 8, 0, 10),
(13, ' ', 9, 16, 0, 11),
(14, ' ', 5, 23, 0, 16),
(15, ' ', 4, 23, 0, 16),
(16, ' ', 5, 24, 0, 16),
(17, ' ', 5, 25, 0, 16),
(18, ' ', 3, 25, 0, 16),
(19, ' ', 5, 26, 0, 25),
(20, ' ', 10, 16, 0, 11),
(21, ' ', 10, 16, 0, 12),
(22, ' ', 7, 8, 0, 12),
(23, ' ', 5, 29, 0, 44),
(24, ' ', 5, 16, 0, 27),
(25, ' ', 4, 16, 0, 27),
(26, ' ', 4, 16, 0, 27),
(27, ' ', 5, 16, 0, 27),
(28, ' ', 4, 16, 0, 27),
(29, ' ', 5, 16, 0, 27),
(30, ' ', 5, 16, 0, 27);

-- --------------------------------------------------------

--
-- Estructura de tabla para la tabla `countries`
--

CREATE TABLE IF NOT EXISTS `countries` (
  `id` int(10) unsigned NOT NULL,
  `capital` varchar(255) COLLATE utf8mb4_unicode_ci DEFAULT NULL,
  `citizenship` varchar(255) COLLATE utf8mb4_unicode_ci DEFAULT NULL,
  `country_code` char(3) COLLATE utf8mb4_unicode_ci NOT NULL DEFAULT '',
  `currency` varchar(255) COLLATE utf8mb4_unicode_ci DEFAULT NULL,
  `currency_code` varchar(255) COLLATE utf8mb4_unicode_ci DEFAULT NULL,
  `currency_sub_unit` varchar(255) COLLATE utf8mb4_unicode_ci DEFAULT NULL,
  `currency_symbol` varchar(3) COLLATE utf8mb4_unicode_ci DEFAULT NULL,
  `currency_decimals` int(11) DEFAULT NULL,
  `full_name` varchar(255) COLLATE utf8mb4_unicode_ci DEFAULT NULL,
  `iso_3166_2` char(2) COLLATE utf8mb4_unicode_ci NOT NULL DEFAULT '',
  `iso_3166_3` char(3) COLLATE utf8mb4_unicode_ci NOT NULL DEFAULT '',
  `name` varchar(255) COLLATE utf8mb4_unicode_ci NOT NULL DEFAULT '',
  `region_code` char(3) COLLATE utf8mb4_unicode_ci NOT NULL DEFAULT '',
  `sub_region_code` char(3) COLLATE utf8mb4_unicode_ci NOT NULL DEFAULT '',
  `eea` tinyint(1) NOT NULL DEFAULT '0',
  `calling_code` varchar(3) COLLATE utf8mb4_unicode_ci DEFAULT NULL,
  `flag` varchar(6) COLLATE utf8mb4_unicode_ci DEFAULT NULL,
  PRIMARY KEY (`id`),
  KEY `countries_id_index` (`id`)
) ENGINE=InnoDB DEFAULT CHARSET=utf8mb4 COLLATE=utf8mb4_unicode_ci ROW_FORMAT=DYNAMIC;

--
-- Volcado de datos para la tabla `countries`
--

INSERT INTO `countries` (`id`, `capital`, `citizenship`, `country_code`, `currency`, `currency_code`, `currency_sub_unit`, `currency_symbol`, `currency_decimals`, `full_name`, `iso_3166_2`, `iso_3166_3`, `name`, `region_code`, `sub_region_code`, `eea`, `calling_code`, `flag`) VALUES
(4, 'Kabul', 'Afghan', '004', 'afghani', 'AFN', 'pul', '؋', 2, 'Islamic Republic of Afghanistan', 'AF', 'AFG', 'Afghanistan', '142', '034', 0, '93', 'AF.png'),
(8, 'Tirana', 'Albanian', '008', 'lek', 'ALL', '(qindar (pl. qindarka))', 'Lek', 2, 'Republic of Albania', 'AL', 'ALB', 'Albania', '150', '039', 0, '355', 'AL.png'),
(10, 'Antartica', 'of Antartica', '010', '', '', '', '', 2, 'Antarctica', 'AQ', 'ATA', 'Antarctica', '', '', 0, '672', 'AQ.png'),
(12, 'Algiers', 'Algerian', '012', 'Algerian dinar', 'DZD', 'centime', 'DZD', 2, 'People’s Democratic Republic of Algeria', 'DZ', 'DZA', 'Algeria', '002', '015', 0, '213', 'DZ.png'),
(16, 'Pago Pago', 'American Samoan', '016', 'US dollar', 'USD', 'cent', '$', 2, 'Territory of American', 'AS', 'ASM', 'American Samoa', '009', '061', 0, '1', 'AS.png'),
(20, 'Andorra la Vella', 'Andorran', '020', 'euro', 'EUR', 'cent', '€', 2, 'Principality of Andorra', 'AD', 'AND', 'Andorra', '150', '039', 0, '376', 'AD.png'),
(24, 'Luanda', 'Angolan', '024', 'kwanza', 'AOA', 'cêntimo', 'Kz', 2, 'Republic of Angola', 'AO', 'AGO', 'Angola', '002', '017', 0, '244', 'AO.png'),
(28, 'St John’s', 'of Antigua and Barbuda', '028', 'East Caribbean dollar', 'XCD', 'cent', '$', 2, 'Antigua and Barbuda', 'AG', 'ATG', 'Antigua and Barbuda', '019', '029', 0, '1', 'AG.png'),
(31, 'Baku', 'Azerbaijani', '031', 'Azerbaijani manat', 'AZN', 'kepik (inv.)', 'ман', 2, 'Republic of Azerbaijan', 'AZ', 'AZE', 'Azerbaijan', '142', '145', 0, '994', 'AZ.png'),
(32, 'Buenos Aires', 'Argentinian', '032', 'Argentine peso', 'ARS', 'centavo', '$', 2, 'Argentine Republic', 'AR', 'ARG', 'Argentina', '019', '005', 0, '54', 'AR.png'),
(36, 'Canberra', 'Australian', '036', 'Australian dollar', 'AUD', 'cent', '$', 2, 'Commonwealth of Australia', 'AU', 'AUS', 'Australia', '009', '053', 0, '61', 'AU.png'),
(40, 'Vienna', 'Austrian', '040', 'euro', 'EUR', 'cent', '€', 2, 'Republic of Austria', 'AT', 'AUT', 'Austria', '150', '155', 1, '43', 'AT.png'),
(44, 'Nassau', 'Bahamian', '044', 'Bahamian dollar', 'BSD', 'cent', '$', 2, 'Commonwealth of the Bahamas', 'BS', 'BHS', 'Bahamas', '019', '029', 0, '1', 'BS.png'),
(48, 'Manama', 'Bahraini', '048', 'Bahraini dinar', 'BHD', 'fils (inv.)', 'BHD', 3, 'Kingdom of Bahrain', 'BH', 'BHR', 'Bahrain', '142', '145', 0, '973', 'BH.png'),
(50, 'Dhaka', 'Bangladeshi', '050', 'taka (inv.)', 'BDT', 'poisha (inv.)', 'BDT', 2, 'People’s Republic of Bangladesh', 'BD', 'BGD', 'Bangladesh', '142', '034', 0, '880', 'BD.png'),
(51, 'Yerevan', 'Armenian', '051', 'dram (inv.)', 'AMD', 'luma', 'AMD', 2, 'Republic of Armenia', 'AM', 'ARM', 'Armenia', '142', '145', 0, '374', 'AM.png'),
(52, 'Bridgetown', 'Barbadian', '052', 'Barbados dollar', 'BBD', 'cent', '$', 2, 'Barbados', 'BB', 'BRB', 'Barbados', '019', '029', 0, '1', 'BB.png'),
(56, 'Brussels', 'Belgian', '056', 'euro', 'EUR', 'cent', '€', 2, 'Kingdom of Belgium', 'BE', 'BEL', 'Belgium', '150', '155', 1, '32', 'BE.png'),
(60, 'Hamilton', 'Bermudian', '060', 'Bermuda dollar', 'BMD', 'cent', '$', 2, 'Bermuda', 'BM', 'BMU', 'Bermuda', '019', '021', 0, '1', 'BM.png'),
(64, 'Thimphu', 'Bhutanese', '064', 'ngultrum (inv.)', 'BTN', 'chhetrum (inv.)', 'BTN', 2, 'Kingdom of Bhutan', 'BT', 'BTN', 'Bhutan', '142', '034', 0, '975', 'BT.png'),
(68, 'Sucre (BO1)', 'Bolivian', '068', 'boliviano', 'BOB', 'centavo', '$b', 2, 'Plurinational State of Bolivia', 'BO', 'BOL', 'Bolivia, Plurinational State of', '019', '005', 0, '591', 'BO.png'),
(70, 'Sarajevo', 'of Bosnia and Herzegovina', '070', 'convertible mark', 'BAM', 'fening', 'KM', 2, 'Bosnia and Herzegovina', 'BA', 'BIH', 'Bosnia and Herzegovina', '150', '039', 0, '387', 'BA.png'),
(72, 'Gaborone', 'Botswanan', '072', 'pula (inv.)', 'BWP', 'thebe (inv.)', 'P', 2, 'Republic of Botswana', 'BW', 'BWA', 'Botswana', '002', '018', 0, '267', 'BW.png'),
(74, 'Bouvet island', 'of Bouvet island', '074', '', '', '', 'kr', 2, 'Bouvet Island', 'BV', 'BVT', 'Bouvet Island', '', '', 0, '47', 'BV.png'),
(76, 'Brasilia', 'Brazilian', '076', 'real (pl. reais)', 'BRL', 'centavo', 'R$', 2, 'Federative Republic of Brazil', 'BR', 'BRA', 'Brazil', '019', '005', 0, '55', 'BR.png'),
(84, 'Belmopan', 'Belizean', '084', 'Belize dollar', 'BZD', 'cent', 'BZ$', 2, 'Belize', 'BZ', 'BLZ', 'Belize', '019', '013', 0, '501', 'BZ.png'),
(86, 'Diego Garcia', 'Changosian', '086', 'US dollar', 'USD', 'cent', '$', 2, 'British Indian Ocean Territory', 'IO', 'IOT', 'British Indian Ocean Territory', '', '', 0, '246', 'IO.png'),
(90, 'Honiara', 'Solomon Islander', '090', 'Solomon Islands dollar', 'SBD', 'cent', '$', 2, 'Solomon Islands', 'SB', 'SLB', 'Solomon Islands', '009', '054', 0, '677', 'SB.png'),
(92, 'Road Town', 'British Virgin Islander;', '092', 'US dollar', 'USD', 'cent', '$', 2, 'British Virgin Islands', 'VG', 'VGB', 'Virgin Islands, British', '019', '029', 0, '1', 'VG.png'),
(96, 'Bandar Seri Begawan', 'Bruneian', '096', 'Brunei dollar', 'BND', 'sen (inv.)', '$', 2, 'Brunei Darussalam', 'BN', 'BRN', 'Brunei Darussalam', '142', '035', 0, '673', 'BN.png'),
(100, 'Sofia', 'Bulgarian', '100', 'lev (pl. leva)', 'BGN', 'stotinka', 'лв', 2, 'Republic of Bulgaria', 'BG', 'BGR', 'Bulgaria', '150', '151', 1, '359', 'BG.png'),
(104, 'Yangon', 'Burmese', '104', 'kyat', 'MMK', 'pya', 'K', 2, 'Union of Myanmar/', 'MM', 'MMR', 'Myanmar', '142', '035', 0, '95', 'MM.png'),
(108, 'Bujumbura', 'Burundian', '108', 'Burundi franc', 'BIF', 'centime', 'BIF', 0, 'Republic of Burundi', 'BI', 'BDI', 'Burundi', '002', '014', 0, '257', 'BI.png'),
(112, 'Minsk', 'Belarusian', '112', 'Belarusian rouble', 'BYR', 'kopek', 'p.', 2, 'Republic of Belarus', 'BY', 'BLR', 'Belarus', '150', '151', 0, '375', 'BY.png'),
(116, 'Phnom Penh', 'Cambodian', '116', 'riel', 'KHR', 'sen (inv.)', '៛', 2, 'Kingdom of Cambodia', 'KH', 'KHM', 'Cambodia', '142', '035', 0, '855', 'KH.png'),
(120, 'Yaoundé', 'Cameroonian', '120', 'CFA franc (BEAC)', 'XAF', 'centime', 'FCF', 0, 'Republic of Cameroon', 'CM', 'CMR', 'Cameroon', '002', '017', 0, '237', 'CM.png'),
(124, 'Ottawa', 'Canadian', '124', 'Canadian dollar', 'CAD', 'cent', '$', 2, 'Canada', 'CA', 'CAN', 'Canada', '019', '021', 0, '1', 'CA.png'),
(132, 'Praia', 'Cape Verdean', '132', 'Cape Verde escudo', 'CVE', 'centavo', 'CVE', 2, 'Republic of Cape Verde', 'CV', 'CPV', 'Cape Verde', '002', '011', 0, '238', 'CV.png'),
(136, 'George Town', 'Caymanian', '136', 'Cayman Islands dollar', 'KYD', 'cent', '$', 2, 'Cayman Islands', 'KY', 'CYM', 'Cayman Islands', '019', '029', 0, '1', 'KY.png'),
(140, 'Bangui', 'Central African', '140', 'CFA franc (BEAC)', 'XAF', 'centime', 'CFA', 0, 'Central African Republic', 'CF', 'CAF', 'Central African Republic', '002', '017', 0, '236', 'CF.png'),
(144, 'Colombo', 'Sri Lankan', '144', 'Sri Lankan rupee', 'LKR', 'cent', '₨', 2, 'Democratic Socialist Republic of Sri Lanka', 'LK', 'LKA', 'Sri Lanka', '142', '034', 0, '94', 'LK.png'),
(148, 'N’Djamena', 'Chadian', '148', 'CFA franc (BEAC)', 'XAF', 'centime', 'XAF', 0, 'Republic of Chad', 'TD', 'TCD', 'Chad', '002', '017', 0, '235', 'TD.png'),
(152, 'Santiago', 'Chilean', '152', 'Chilean peso', 'CLP', 'centavo', 'CLP', 0, 'Republic of Chile', 'CL', 'CHL', 'Chile', '019', '005', 0, '56', 'CL.png'),
(156, 'Beijing', 'Chinese', '156', 'renminbi-yuan (inv.)', 'CNY', 'jiao (10)', '¥', 2, 'People’s Republic of China', 'CN', 'CHN', 'China', '142', '030', 0, '86', 'CN.png'),
(158, 'Taipei', 'Taiwanese', '158', 'new Taiwan dollar', 'TWD', 'fen (inv.)', 'NT$', 2, 'Republic of China, Taiwan (TW1)', 'TW', 'TWN', 'Taiwan, Province of China', '142', '030', 0, '886', 'TW.png'),
(162, 'Flying Fish Cove', 'Christmas Islander', '162', 'Australian dollar', 'AUD', 'cent', '$', 2, 'Christmas Island Territory', 'CX', 'CXR', 'Christmas Island', '', '', 0, '61', 'CX.png'),
(166, 'Bantam', 'Cocos Islander', '166', 'Australian dollar', 'AUD', 'cent', '$', 2, 'Territory of Cocos (Keeling) Islands', 'CC', 'CCK', 'Cocos (Keeling) Islands', '', '', 0, '61', 'CC.png'),
(170, 'Santa Fe de Bogotá', 'Colombian', '170', 'Colombian peso', 'COP', 'centavo', '$', 2, 'Republic of Colombia', 'CO', 'COL', 'Colombia', '019', '005', 0, '57', 'CO.png'),
(174, 'Moroni', 'Comorian', '174', 'Comorian franc', 'KMF', '', 'KMF', 0, 'Union of the Comoros', 'KM', 'COM', 'Comoros', '002', '014', 0, '269', 'KM.png'),
(175, 'Mamoudzou', 'Mahorais', '175', 'euro', 'EUR', 'cent', '€', 2, 'Departmental Collectivity of Mayotte', 'YT', 'MYT', 'Mayotte', '002', '014', 0, '262', 'YT.png'),
(178, 'Brazzaville', 'Congolese', '178', 'CFA franc (BEAC)', 'XAF', 'centime', 'FCF', 0, 'Republic of the Congo', 'CG', 'COG', 'Congo', '002', '017', 0, '242', 'CG.png'),
(180, 'Kinshasa', 'Congolese', '180', 'Congolese franc', 'CDF', 'centime', 'CDF', 2, 'Democratic Republic of the Congo', 'CD', 'COD', 'Congo, the Democratic Republic of the', '002', '017', 0, '243', 'CD.png'),
(184, 'Avarua', 'Cook Islander', '184', 'New Zealand dollar', 'NZD', 'cent', '$', 2, 'Cook Islands', 'CK', 'COK', 'Cook Islands', '009', '061', 0, '682', 'CK.png'),
(188, 'San José', 'Costa Rican', '188', 'Costa Rican colón (pl. colones)', 'CRC', 'céntimo', '₡', 2, 'Republic of Costa Rica', 'CR', 'CRI', 'Costa Rica', '019', '013', 0, '506', 'CR.png'),
(191, 'Zagreb', 'Croatian', '191', 'kuna (inv.)', 'HRK', 'lipa (inv.)', 'kn', 2, 'Republic of Croatia', 'HR', 'HRV', 'Croatia', '150', '039', 1, '385', 'HR.png'),
(192, 'Havana', 'Cuban', '192', 'Cuban peso', 'CUP', 'centavo', '₱', 2, 'Republic of Cuba', 'CU', 'CUB', 'Cuba', '019', '029', 0, '53', 'CU.png'),
(196, 'Nicosia', 'Cypriot', '196', 'euro', 'EUR', 'cent', 'CYP', 2, 'Republic of Cyprus', 'CY', 'CYP', 'Cyprus', '142', '145', 1, '357', 'CY.png'),
(203, 'Prague', 'Czech', '203', 'Czech koruna (pl. koruny)', 'CZK', 'halér', 'Kč', 2, 'Czech Republic', 'CZ', 'CZE', 'Czech Republic', '150', '151', 1, '420', 'CZ.png'),
(204, 'Porto Novo (BJ1)', 'Beninese', '204', 'CFA franc (BCEAO)', 'XOF', 'centime', 'XOF', 0, 'Republic of Benin', 'BJ', 'BEN', 'Benin', '002', '011', 0, '229', 'BJ.png'),
(208, 'Copenhagen', 'Danish', '208', 'Danish krone', 'DKK', 'øre (inv.)', 'kr', 2, 'Kingdom of Denmark', 'DK', 'DNK', 'Denmark', '150', '154', 1, '45', 'DK.png'),
(212, 'Roseau', 'Dominican', '212', 'East Caribbean dollar', 'XCD', 'cent', '$', 2, 'Commonwealth of Dominica', 'DM', 'DMA', 'Dominica', '019', '029', 0, '1', 'DM.png'),
(214, 'Santo Domingo', 'Dominican', '214', 'Dominican peso', 'DOP', 'centavo', 'RD$', 2, 'Dominican Republic', 'DO', 'DOM', 'Dominican Republic', '019', '029', 0, '1', 'DO.png'),
(218, 'Quito', 'Ecuadorian', '218', 'US dollar', 'USD', 'cent', '$', 2, 'Republic of Ecuador', 'EC', 'ECU', 'Ecuador', '019', '005', 0, '593', 'EC.png'),
(222, 'San Salvador', 'Salvadoran', '222', 'Salvadorian colón (pl. colones)', 'SVC', 'centavo', '$', 2, 'Republic of El Salvador', 'SV', 'SLV', 'El Salvador', '019', '013', 0, '503', 'SV.png'),
(226, 'Malabo', 'Equatorial Guinean', '226', 'CFA franc (BEAC)', 'XAF', 'centime', 'FCF', 2, 'Republic of Equatorial Guinea', 'GQ', 'GNQ', 'Equatorial Guinea', '002', '017', 0, '240', 'GQ.png'),
(231, 'Addis Ababa', 'Ethiopian', '231', 'birr (inv.)', 'ETB', 'cent', 'ETB', 2, 'Federal Democratic Republic of Ethiopia', 'ET', 'ETH', 'Ethiopia', '002', '014', 0, '251', 'ET.png'),
(232, 'Asmara', 'Eritrean', '232', 'nakfa', 'ERN', 'cent', 'Nfk', 2, 'State of Eritrea', 'ER', 'ERI', 'Eritrea', '002', '014', 0, '291', 'ER.png'),
(233, 'Tallinn', 'Estonian', '233', 'euro', 'EUR', 'cent', 'kr', 2, 'Republic of Estonia', 'EE', 'EST', 'Estonia', '150', '154', 1, '372', 'EE.png'),
(234, 'Tórshavn', 'Faeroese', '234', 'Danish krone', 'DKK', 'øre (inv.)', 'kr', 2, 'Faeroe Islands', 'FO', 'FRO', 'Faroe Islands', '150', '154', 0, '298', 'FO.png'),
(238, 'Stanley', 'Falkland Islander', '238', 'Falkland Islands pound', 'FKP', 'new penny', '£', 2, 'Falkland Islands', 'FK', 'FLK', 'Falkland Islands (Malvinas)', '019', '005', 0, '500', 'FK.png'),
(239, 'King Edward Point (Grytviken)', 'of South Georgia and the South Sandwich Islands', '239', '', '', '', '£', 2, 'South Georgia and the South Sandwich Islands', 'GS', 'SGS', 'South Georgia and the South Sandwich Islands', '', '', 0, '44', 'GS.png'),
(242, 'Suva', 'Fijian', '242', 'Fiji dollar', 'FJD', 'cent', '$', 2, 'Republic of Fiji', 'FJ', 'FJI', 'Fiji', '009', '054', 0, '679', 'FJ.png'),
(246, 'Helsinki', 'Finnish', '246', 'euro', 'EUR', 'cent', '€', 2, 'Republic of Finland', 'FI', 'FIN', 'Finland', '150', '154', 1, '358', 'FI.png'),
(248, 'Mariehamn', 'Åland Islander', '248', 'euro', 'EUR', 'cent', NULL, NULL, 'Åland Islands', 'AX', 'ALA', 'Åland Islands', '150', '154', 0, '358', NULL),
(250, 'Paris', 'French', '250', 'euro', 'EUR', 'cent', '€', 2, 'French Republic', 'FR', 'FRA', 'France', '150', '155', 1, '33', 'FR.png'),
(254, 'Cayenne', 'Guianese', '254', 'euro', 'EUR', 'cent', '€', 2, 'French Guiana', 'GF', 'GUF', 'French Guiana', '019', '005', 0, '594', 'GF.png'),
(258, 'Papeete', 'Polynesian', '258', 'CFP franc', 'XPF', 'centime', 'XPF', 0, 'French Polynesia', 'PF', 'PYF', 'French Polynesia', '009', '061', 0, '689', 'PF.png'),
(260, 'Port-aux-Francais', 'of French Southern and Antarctic Lands', '260', 'euro', 'EUR', 'cent', '€', 2, 'French Southern and Antarctic Lands', 'TF', 'ATF', 'French Southern Territories', '', '', 0, '33', 'TF.png'),
(262, 'Djibouti', 'Djiboutian', '262', 'Djibouti franc', 'DJF', '', 'DJF', 0, 'Republic of Djibouti', 'DJ', 'DJI', 'Djibouti', '002', '014', 0, '253', 'DJ.png'),
(266, 'Libreville', 'Gabonese', '266', 'CFA franc (BEAC)', 'XAF', 'centime', 'FCF', 0, 'Gabonese Republic', 'GA', 'GAB', 'Gabon', '002', '017', 0, '241', 'GA.png'),
(268, 'Tbilisi', 'Georgian', '268', 'lari', 'GEL', 'tetri (inv.)', 'GEL', 2, 'Georgia', 'GE', 'GEO', 'Georgia', '142', '145', 0, '995', 'GE.png'),
(270, 'Banjul', 'Gambian', '270', 'dalasi (inv.)', 'GMD', 'butut', 'D', 2, 'Republic of the Gambia', 'GM', 'GMB', 'Gambia', '002', '011', 0, '220', 'GM.png'),
(275, NULL, 'Palestinian', '275', NULL, NULL, NULL, '₪', 2, NULL, 'PS', 'PSE', 'Palestinian Territory, Occupied', '142', '145', 0, '970', 'PS.png'),
(276, 'Berlin', 'German', '276', 'euro', 'EUR', 'cent', '€', 2, 'Federal Republic of Germany', 'DE', 'DEU', 'Germany', '150', '155', 1, '49', 'DE.png'),
(288, 'Accra', 'Ghanaian', '288', 'Ghana cedi', 'GHS', 'pesewa', '¢', 2, 'Republic of Ghana', 'GH', 'GHA', 'Ghana', '002', '011', 0, '233', 'GH.png'),
(292, 'Gibraltar', 'Gibraltarian', '292', 'Gibraltar pound', 'GIP', 'penny', '£', 2, 'Gibraltar', 'GI', 'GIB', 'Gibraltar', '150', '039', 0, '350', 'GI.png'),
(296, 'Tarawa', 'Kiribatian', '296', 'Australian dollar', 'AUD', 'cent', '$', 2, 'Republic of Kiribati', 'KI', 'KIR', 'Kiribati', '009', '057', 0, '686', 'KI.png'),
(300, 'Athens', 'Greek', '300', 'euro', 'EUR', 'cent', '€', 2, 'Hellenic Republic', 'GR', 'GRC', 'Greece', '150', '039', 1, '30', 'GR.png'),
(304, 'Nuuk', 'Greenlander', '304', 'Danish krone', 'DKK', 'øre (inv.)', 'kr', 2, 'Greenland', 'GL', 'GRL', 'Greenland', '019', '021', 0, '299', 'GL.png'),
(308, 'St George’s', 'Grenadian', '308', 'East Caribbean dollar', 'XCD', 'cent', '$', 2, 'Grenada', 'GD', 'GRD', 'Grenada', '019', '029', 0, '1', 'GD.png'),
(312, 'Basse Terre', 'Guadeloupean', '312', 'euro', 'EUR ', 'cent', '€', 2, 'Guadeloupe', 'GP', 'GLP', 'Guadeloupe', '019', '029', 0, '590', 'GP.png'),
(316, 'Agaña (Hagåtña)', 'Guamanian', '316', 'US dollar', 'USD', 'cent', '$', 2, 'Territory of Guam', 'GU', 'GUM', 'Guam', '009', '057', 0, '1', 'GU.png'),
(320, 'Guatemala City', 'Guatemalan', '320', 'quetzal (pl. quetzales)', 'GTQ', 'centavo', 'Q', 2, 'Republic of Guatemala', 'GT', 'GTM', 'Guatemala', '019', '013', 0, '502', 'GT.png'),
(324, 'Conakry', 'Guinean', '324', 'Guinean franc', 'GNF', '', 'GNF', 0, 'Republic of Guinea', 'GN', 'GIN', 'Guinea', '002', '011', 0, '224', 'GN.png'),
(328, 'Georgetown', 'Guyanese', '328', 'Guyana dollar', 'GYD', 'cent', '$', 2, 'Cooperative Republic of Guyana', 'GY', 'GUY', 'Guyana', '019', '005', 0, '592', 'GY.png'),
(332, 'Port-au-Prince', 'Haitian', '332', 'gourde', 'HTG', 'centime', 'G', 2, 'Republic of Haiti', 'HT', 'HTI', 'Haiti', '019', '029', 0, '509', 'HT.png'),
(334, 'Territory of Heard Island and McDonald Islands', 'of Territory of Heard Island and McDonald Islands', '334', '', '', '', '$', 2, 'Territory of Heard Island and McDonald Islands', 'HM', 'HMD', 'Heard Island and McDonald Islands', '', '', 0, '61', 'HM.png'),
(336, 'Vatican City', 'of the Holy See/of the Vatican', '336', 'euro', 'EUR', 'cent', '€', 2, 'the Holy See/ Vatican City State', 'VA', 'VAT', 'Holy See (Vatican City State)', '150', '039', 0, '39', 'VA.png'),
(340, 'Tegucigalpa', 'Honduran', '340', 'lempira', 'HNL', 'centavo', 'L', 2, 'Republic of Honduras', 'HN', 'HND', 'Honduras', '019', '013', 0, '504', 'HN.png'),
(344, '(HK3)', 'Hong Kong Chinese', '344', 'Hong Kong dollar', 'HKD', 'cent', '$', 2, 'Hong Kong Special Administrative Region of the People’s Republic of China (HK2)', 'HK', 'HKG', 'Hong Kong', '142', '030', 0, '852', 'HK.png'),
(348, 'Budapest', 'Hungarian', '348', 'forint (inv.)', 'HUF', '(fillér (inv.))', 'Ft', 2, 'Republic of Hungary', 'HU', 'HUN', 'Hungary', '150', '151', 1, '36', 'HU.png'),
(352, 'Reykjavik', 'Icelander', '352', 'króna (pl. krónur)', 'ISK', '', 'kr', 0, 'Republic of Iceland', 'IS', 'ISL', 'Iceland', '150', '154', 1, '354', 'IS.png'),
(356, 'New Delhi', 'Indian', '356', 'Indian rupee', 'INR', 'paisa', '₹', 2, 'Republic of India', 'IN', 'IND', 'India', '142', '034', 0, '91', 'IN.png'),
(360, 'Jakarta', 'Indonesian', '360', 'Indonesian rupiah (inv.)', 'IDR', 'sen (inv.)', 'Rp', 2, 'Republic of Indonesia', 'ID', 'IDN', 'Indonesia', '142', '035', 0, '62', 'ID.png'),
(364, 'Tehran', 'Iranian', '364', 'Iranian rial', 'IRR', '(dinar) (IR1)', '﷼', 2, 'Islamic Republic of Iran', 'IR', 'IRN', 'Iran, Islamic Republic of', '142', '034', 0, '98', 'IR.png'),
(368, 'Baghdad', 'Iraqi', '368', 'Iraqi dinar', 'IQD', 'fils (inv.)', 'IQD', 3, 'Republic of Iraq', 'IQ', 'IRQ', 'Iraq', '142', '145', 0, '964', 'IQ.png'),
(372, 'Dublin', 'Irish', '372', 'euro', 'EUR', 'cent', '€', 2, 'Ireland (IE1)', 'IE', 'IRL', 'Ireland', '150', '154', 1, '353', 'IE.png'),
(376, '(IL1)', 'Israeli', '376', 'shekel', 'ILS', 'agora', '₪', 2, 'State of Israel', 'IL', 'ISR', 'Israel', '142', '145', 0, '972', 'IL.png'),
(380, 'Rome', 'Italian', '380', 'euro', 'EUR', 'cent', '€', 2, 'Italian Republic', 'IT', 'ITA', 'Italy', '150', '039', 1, '39', 'IT.png'),
(384, 'Yamoussoukro (CI1)', 'Ivorian', '384', 'CFA franc (BCEAO)', 'XOF', 'centime', 'XOF', 0, 'Republic of Côte d’Ivoire', 'CI', 'CIV', 'Côte d''Ivoire', '002', '011', 0, '225', 'CI.png'),
(388, 'Kingston', 'Jamaican', '388', 'Jamaica dollar', 'JMD', 'cent', '$', 2, 'Jamaica', 'JM', 'JAM', 'Jamaica', '019', '029', 0, '1', 'JM.png'),
(392, 'Tokyo', 'Japanese', '392', 'yen (inv.)', 'JPY', '(sen (inv.)) (JP1)', '¥', 0, 'Japan', 'JP', 'JPN', 'Japan', '142', '030', 0, '81', 'JP.png'),
(398, 'Astana', 'Kazakh', '398', 'tenge (inv.)', 'KZT', 'tiyn', 'лв', 2, 'Republic of Kazakhstan', 'KZ', 'KAZ', 'Kazakhstan', '142', '143', 0, '7', 'KZ.png'),
(400, 'Amman', 'Jordanian', '400', 'Jordanian dinar', 'JOD', '100 qirsh', 'JOD', 2, 'Hashemite Kingdom of Jordan', 'JO', 'JOR', 'Jordan', '142', '145', 0, '962', 'JO.png'),
(404, 'Nairobi', 'Kenyan', '404', 'Kenyan shilling', 'KES', 'cent', 'KES', 2, 'Republic of Kenya', 'KE', 'KEN', 'Kenya', '002', '014', 0, '254', 'KE.png'),
(408, 'Pyongyang', 'North Korean', '408', 'North Korean won (inv.)', 'KPW', 'chun (inv.)', '₩', 2, 'Democratic People’s Republic of Korea', 'KP', 'PRK', 'Korea, Democratic People''s Republic of', '142', '030', 0, '850', 'KP.png'),
(410, 'Seoul', 'South Korean', '410', 'South Korean won (inv.)', 'KRW', '(chun (inv.))', '₩', 0, 'Republic of Korea', 'KR', 'KOR', 'Korea, Republic of', '142', '030', 0, '82', 'KR.png'),
(414, 'Kuwait City', 'Kuwaiti', '414', 'Kuwaiti dinar', 'KWD', 'fils (inv.)', 'KWD', 3, 'State of Kuwait', 'KW', 'KWT', 'Kuwait', '142', '145', 0, '965', 'KW.png'),
(417, 'Bishkek', 'Kyrgyz', '417', 'som', 'KGS', 'tyiyn', 'лв', 2, 'Kyrgyz Republic', 'KG', 'KGZ', 'Kyrgyzstan', '142', '143', 0, '996', 'KG.png'),
(418, 'Vientiane', 'Lao', '418', 'kip (inv.)', 'LAK', '(at (inv.))', '₭', 0, 'Lao People’s Democratic Republic', 'LA', 'LAO', 'Lao People''s Democratic Republic', '142', '035', 0, '856', 'LA.png'),
(422, 'Beirut', 'Lebanese', '422', 'Lebanese pound', 'LBP', '(piastre)', '£', 2, 'Lebanese Republic', 'LB', 'LBN', 'Lebanon', '142', '145', 0, '961', 'LB.png'),
(426, 'Maseru', 'Basotho', '426', 'loti (pl. maloti)', 'LSL', 'sente', 'L', 2, 'Kingdom of Lesotho', 'LS', 'LSO', 'Lesotho', '002', '018', 0, '266', 'LS.png'),
(428, 'Riga', 'Latvian', '428', 'euro', 'EUR', 'cent', 'Ls', 2, 'Republic of Latvia', 'LV', 'LVA', 'Latvia', '150', '154', 1, '371', 'LV.png'),
(430, 'Monrovia', 'Liberian', '430', 'Liberian dollar', 'LRD', 'cent', '$', 2, 'Republic of Liberia', 'LR', 'LBR', 'Liberia', '002', '011', 0, '231', 'LR.png'),
(434, 'Tripoli', 'Libyan', '434', 'Libyan dinar', 'LYD', 'dirham', 'LYD', 3, 'Socialist People’s Libyan Arab Jamahiriya', 'LY', 'LBY', 'Libya', '002', '015', 0, '218', 'LY.png'),
(438, 'Vaduz', 'Liechtensteiner', '438', 'Swiss franc', 'CHF', 'centime', 'CHF', 2, 'Principality of Liechtenstein', 'LI', 'LIE', 'Liechtenstein', '150', '155', 1, '423', 'LI.png'),
(440, 'Vilnius', 'Lithuanian', '440', 'euro', 'EUR', 'cent', 'Lt', 2, 'Republic of Lithuania', 'LT', 'LTU', 'Lithuania', '150', '154', 1, '370', 'LT.png'),
(442, 'Luxembourg', 'Luxembourger', '442', 'euro', 'EUR', 'cent', '€', 2, 'Grand Duchy of Luxembourg', 'LU', 'LUX', 'Luxembourg', '150', '155', 1, '352', 'LU.png'),
(446, 'Macao (MO3)', 'Macanese', '446', 'pataca', 'MOP', 'avo', 'MOP', 2, 'Macao Special Administrative Region of the People’s Republic of China (MO2)', 'MO', 'MAC', 'Macao', '142', '030', 0, '853', 'MO.png'),
(450, 'Antananarivo', 'Malagasy', '450', 'ariary', 'MGA', 'iraimbilanja (inv.)', 'MGA', 2, 'Republic of Madagascar', 'MG', 'MDG', 'Madagascar', '002', '014', 0, '261', 'MG.png'),
(454, 'Lilongwe', 'Malawian', '454', 'Malawian kwacha (inv.)', 'MWK', 'tambala (inv.)', 'MK', 2, 'Republic of Malawi', 'MW', 'MWI', 'Malawi', '002', '014', 0, '265', 'MW.png'),
(458, 'Kuala Lumpur (MY1)', 'Malaysian', '458', 'ringgit (inv.)', 'MYR', 'sen (inv.)', 'RM', 2, 'Malaysia', 'MY', 'MYS', 'Malaysia', '142', '035', 0, '60', 'MY.png'),
(462, 'Malé', 'Maldivian', '462', 'rufiyaa', 'MVR', 'laari (inv.)', 'Rf', 2, 'Republic of Maldives', 'MV', 'MDV', 'Maldives', '142', '034', 0, '960', 'MV.png'),
(466, 'Bamako', 'Malian', '466', 'CFA franc (BCEAO)', 'XOF', 'centime', 'XOF', 0, 'Republic of Mali', 'ML', 'MLI', 'Mali', '002', '011', 0, '223', 'ML.png'),
(470, 'Valletta', 'Maltese', '470', 'euro', 'EUR', 'cent', 'MTL', 2, 'Republic of Malta', 'MT', 'MLT', 'Malta', '150', '039', 1, '356', 'MT.png'),
(474, 'Fort-de-France', 'Martinican', '474', 'euro', 'EUR', 'cent', '€', 2, 'Martinique', 'MQ', 'MTQ', 'Martinique', '019', '029', 0, '596', 'MQ.png'),
(478, 'Nouakchott', 'Mauritanian', '478', 'ouguiya', 'MRO', 'khoum', 'UM', 2, 'Islamic Republic of Mauritania', 'MR', 'MRT', 'Mauritania', '002', '011', 0, '222', 'MR.png'),
(480, 'Port Louis', 'Mauritian', '480', 'Mauritian rupee', 'MUR', 'cent', '₨', 2, 'Republic of Mauritius', 'MU', 'MUS', 'Mauritius', '002', '014', 0, '230', 'MU.png'),
(484, 'Mexico City', 'Mexican', '484', 'Mexican peso', 'MXN', 'centavo', '$', 2, 'United Mexican States', 'MX', 'MEX', 'Mexico', '019', '013', 0, '52', 'MX.png'),
(492, 'Monaco', 'Monegasque', '492', 'euro', 'EUR', 'cent', '€', 2, 'Principality of Monaco', 'MC', 'MCO', 'Monaco', '150', '155', 0, '377', 'MC.png'),
(496, 'Ulan Bator', 'Mongolian', '496', 'tugrik', 'MNT', 'möngö (inv.)', '₮', 2, 'Mongolia', 'MN', 'MNG', 'Mongolia', '142', '030', 0, '976', 'MN.png'),
(498, 'Chisinau', 'Moldovan', '498', 'Moldovan leu (pl. lei)', 'MDL', 'ban', 'MDL', 2, 'Republic of Moldova', 'MD', 'MDA', 'Moldova, Republic of', '150', '151', 0, '373', 'MD.png'),
(499, 'Podgorica', 'Montenegrin', '499', 'euro', 'EUR', 'cent', '€', 2, 'Montenegro', 'ME', 'MNE', 'Montenegro', '150', '039', 0, '382', 'ME.png'),
(500, 'Plymouth (MS2)', 'Montserratian', '500', 'East Caribbean dollar', 'XCD', 'cent', '$', 2, 'Montserrat', 'MS', 'MSR', 'Montserrat', '019', '029', 0, '1', 'MS.png'),
(504, 'Rabat', 'Moroccan', '504', 'Moroccan dirham', 'MAD', 'centime', 'MAD', 2, 'Kingdom of Morocco', 'MA', 'MAR', 'Morocco', '002', '015', 0, '212', 'MA.png'),
(508, 'Maputo', 'Mozambican', '508', 'metical', 'MZN', 'centavo', 'MT', 2, 'Republic of Mozambique', 'MZ', 'MOZ', 'Mozambique', '002', '014', 0, '258', 'MZ.png'),
(512, 'Muscat', 'Omani', '512', 'Omani rial', 'OMR', 'baiza', '﷼', 3, 'Sultanate of Oman', 'OM', 'OMN', 'Oman', '142', '145', 0, '968', 'OM.png'),
(516, 'Windhoek', 'Namibian', '516', 'Namibian dollar', 'NAD', 'cent', '$', 2, 'Republic of Namibia', 'NA', 'NAM', 'Namibia', '002', '018', 0, '264', 'NA.png'),
(520, 'Yaren', 'Nauruan', '520', 'Australian dollar', 'AUD', 'cent', '$', 2, 'Republic of Nauru', 'NR', 'NRU', 'Nauru', '009', '057', 0, '674', 'NR.png'),
(524, 'Kathmandu', 'Nepalese', '524', 'Nepalese rupee', 'NPR', 'paisa (inv.)', '₨', 2, 'Nepal', 'NP', 'NPL', 'Nepal', '142', '034', 0, '977', 'NP.png'),
(528, 'Amsterdam (NL2)', 'Dutch', '528', 'euro', 'EUR', 'cent', '€', 2, 'Kingdom of the Netherlands', 'NL', 'NLD', 'Netherlands', '150', '155', 1, '31', 'NL.png'),
(531, 'Willemstad', 'Curaçaoan', '531', 'Netherlands Antillean guilder (CW1)', 'ANG', 'cent', NULL, NULL, 'Curaçao', 'CW', 'CUW', 'Curaçao', '019', '029', 0, '599', NULL),
(533, 'Oranjestad', 'Aruban', '533', 'Aruban guilder', 'AWG', 'cent', 'ƒ', 2, 'Aruba', 'AW', 'ABW', 'Aruba', '019', '029', 0, '297', 'AW.png'),
(534, 'Philipsburg', 'Sint Maartener', '534', 'Netherlands Antillean guilder (SX1)', 'ANG', 'cent', NULL, NULL, 'Sint Maarten', 'SX', 'SXM', 'Sint Maarten (Dutch part)', '019', '029', 0, '721', NULL),
(535, NULL, 'of Bonaire, Sint Eustatius and Saba', '535', 'US dollar', 'USD', 'cent', NULL, NULL, NULL, 'BQ', 'BES', 'Bonaire, Sint Eustatius and Saba', '019', '029', 0, '599', NULL),
(540, 'Nouméa', 'New Caledonian', '540', 'CFP franc', 'XPF', 'centime', 'XPF', 0, 'New Caledonia', 'NC', 'NCL', 'New Caledonia', '009', '054', 0, '687', 'NC.png'),
(548, 'Port Vila', 'Vanuatuan', '548', 'vatu (inv.)', 'VUV', '', 'Vt', 0, 'Republic of Vanuatu', 'VU', 'VUT', 'Vanuatu', '009', '054', 0, '678', 'VU.png'),
(554, 'Wellington', 'New Zealander', '554', 'New Zealand dollar', 'NZD', 'cent', '$', 2, 'New Zealand', 'NZ', 'NZL', 'New Zealand', '009', '053', 0, '64', 'NZ.png'),
(558, 'Managua', 'Nicaraguan', '558', 'córdoba oro', 'NIO', 'centavo', 'C$', 2, 'Republic of Nicaragua', 'NI', 'NIC', 'Nicaragua', '019', '013', 0, '505', 'NI.png'),
(562, 'Niamey', 'Nigerien', '562', 'CFA franc (BCEAO)', 'XOF', 'centime', 'XOF', 0, 'Republic of Niger', 'NE', 'NER', 'Niger', '002', '011', 0, '227', 'NE.png'),
(566, 'Abuja', 'Nigerian', '566', 'naira (inv.)', 'NGN', 'kobo (inv.)', '₦', 2, 'Federal Republic of Nigeria', 'NG', 'NGA', 'Nigeria', '002', '011', 0, '234', 'NG.png'),
(570, 'Alofi', 'Niuean', '570', 'New Zealand dollar', 'NZD', 'cent', '$', 2, 'Niue', 'NU', 'NIU', 'Niue', '009', '061', 0, '683', 'NU.png'),
(574, 'Kingston', 'Norfolk Islander', '574', 'Australian dollar', 'AUD', 'cent', '$', 2, 'Territory of Norfolk Island', 'NF', 'NFK', 'Norfolk Island', '009', '053', 0, '672', 'NF.png'),
(578, 'Oslo', 'Norwegian', '578', 'Norwegian krone (pl. kroner)', 'NOK', 'øre (inv.)', 'kr', 2, 'Kingdom of Norway', 'NO', 'NOR', 'Norway', '150', '154', 1, '47', 'NO.png'),
(580, 'Saipan', 'Northern Mariana Islander', '580', 'US dollar', 'USD', 'cent', '$', 2, 'Commonwealth of the Northern Mariana Islands', 'MP', 'MNP', 'Northern Mariana Islands', '009', '057', 0, '1', 'MP.png'),
(581, 'United States Minor Outlying Islands', 'of United States Minor Outlying Islands', '581', 'US dollar', 'USD', 'cent', '$', 2, 'United States Minor Outlying Islands', 'UM', 'UMI', 'United States Minor Outlying Islands', '', '', 0, '1', 'UM.png'),
(583, 'Palikir', 'Micronesian', '583', 'US dollar', 'USD', 'cent', '$', 2, 'Federated States of Micronesia', 'FM', 'FSM', 'Micronesia, Federated States of', '009', '057', 0, '691', 'FM.png'),
(584, 'Majuro', 'Marshallese', '584', 'US dollar', 'USD', 'cent', '$', 2, 'Republic of the Marshall Islands', 'MH', 'MHL', 'Marshall Islands', '009', '057', 0, '692', 'MH.png'),
(585, 'Melekeok', 'Palauan', '585', 'US dollar', 'USD', 'cent', '$', 2, 'Republic of Palau', 'PW', 'PLW', 'Palau', '009', '057', 0, '680', 'PW.png'),
(586, 'Islamabad', 'Pakistani', '586', 'Pakistani rupee', 'PKR', 'paisa', '₨', 2, 'Islamic Republic of Pakistan', 'PK', 'PAK', 'Pakistan', '142', '034', 0, '92', 'PK.png'),
(591, 'Panama City', 'Panamanian', '591', 'balboa', 'PAB', 'centésimo', 'B/.', 2, 'Republic of Panama', 'PA', 'PAN', 'Panama', '019', '013', 0, '507', 'PA.png'),
(598, 'Port Moresby', 'Papua New Guinean', '598', 'kina (inv.)', 'PGK', 'toea (inv.)', 'PGK', 2, 'Independent State of Papua New Guinea', 'PG', 'PNG', 'Papua New Guinea', '009', '054', 0, '675', 'PG.png'),
(600, 'Asunción', 'Paraguayan', '600', 'guaraní', 'PYG', 'céntimo', 'Gs', 0, 'Republic of Paraguay', 'PY', 'PRY', 'Paraguay', '019', '005', 0, '595', 'PY.png'),
(604, 'Lima', 'Peruvian', '604', 'new sol', 'PEN', 'céntimo', 'S/.', 2, 'Republic of Peru', 'PE', 'PER', 'Peru', '019', '005', 0, '51', 'PE.png'),
(608, 'Manila', 'Filipino', '608', 'Philippine peso', 'PHP', 'centavo', 'Php', 2, 'Republic of the Philippines', 'PH', 'PHL', 'Philippines', '142', '035', 0, '63', 'PH.png'),
(612, 'Adamstown', 'Pitcairner', '612', 'New Zealand dollar', 'NZD', 'cent', '$', 2, 'Pitcairn Islands', 'PN', 'PCN', 'Pitcairn', '009', '061', 0, '649', 'PN.png'),
(616, 'Warsaw', 'Polish', '616', 'zloty', 'PLN', 'grosz (pl. groszy)', 'zł', 2, 'Republic of Poland', 'PL', 'POL', 'Poland', '150', '151', 1, '48', 'PL.png'),
(620, 'Lisbon', 'Portuguese', '620', 'euro', 'EUR', 'cent', '€', 2, 'Portuguese Republic', 'PT', 'PRT', 'Portugal', '150', '039', 1, '351', 'PT.png'),
(624, 'Bissau', 'Guinea-Bissau national', '624', 'CFA franc (BCEAO)', 'XOF', 'centime', 'XOF', 0, 'Republic of Guinea-Bissau', 'GW', 'GNB', 'Guinea-Bissau', '002', '011', 0, '245', 'GW.png'),
(626, 'Dili', 'East Timorese', '626', 'US dollar', 'USD', 'cent', '$', 2, 'Democratic Republic of East Timor', 'TL', 'TLS', 'Timor-Leste', '142', '035', 0, '670', 'TL.png'),
(630, 'San Juan', 'Puerto Rican', '630', 'US dollar', 'USD', 'cent', '$', 2, 'Commonwealth of Puerto Rico', 'PR', 'PRI', 'Puerto Rico', '019', '029', 0, '1', 'PR.png'),
(634, 'Doha', 'Qatari', '634', 'Qatari riyal', 'QAR', 'dirham', '﷼', 2, 'State of Qatar', 'QA', 'QAT', 'Qatar', '142', '145', 0, '974', 'QA.png'),
(638, 'Saint-Denis', 'Reunionese', '638', 'euro', 'EUR', 'cent', '€', 2, 'Réunion', 'RE', 'REU', 'Réunion', '002', '014', 0, '262', 'RE.png'),
(642, 'Bucharest', 'Romanian', '642', 'Romanian leu (pl. lei)', 'RON', 'ban (pl. bani)', 'lei', 2, 'Romania', 'RO', 'ROU', 'Romania', '150', '151', 1, '40', 'RO.png'),
(643, 'Moscow', 'Russian', '643', 'Russian rouble', 'RUB', 'kopek', 'руб', 2, 'Russian Federation', 'RU', 'RUS', 'Russian Federation', '150', '151', 0, '7', 'RU.png'),
(646, 'Kigali', 'Rwandan; Rwandese', '646', 'Rwandese franc', 'RWF', 'centime', 'RWF', 0, 'Republic of Rwanda', 'RW', 'RWA', 'Rwanda', '002', '014', 0, '250', 'RW.png'),
(652, 'Gustavia', 'of Saint Barthélemy', '652', 'euro', 'EUR', 'cent', NULL, NULL, 'Collectivity of Saint Barthélemy', 'BL', 'BLM', 'Saint Barthélemy', '019', '029', 0, '590', NULL),
(654, 'Jamestown', 'Saint Helenian', '654', 'Saint Helena pound', 'SHP', 'penny', '£', 2, 'Saint Helena, Ascension and Tristan da Cunha', 'SH', 'SHN', 'Saint Helena, Ascension and Tristan da Cunha', '002', '011', 0, '290', 'SH.png'),
(659, 'Basseterre', 'Kittsian; Nevisian', '659', 'East Caribbean dollar', 'XCD', 'cent', '$', 2, 'Federation of Saint Kitts and Nevis', 'KN', 'KNA', 'Saint Kitts and Nevis', '019', '029', 0, '1', 'KN.png'),
(660, 'The Valley', 'Anguillan', '660', 'East Caribbean dollar', 'XCD', 'cent', '$', 2, 'Anguilla', 'AI', 'AIA', 'Anguilla', '019', '029', 0, '1', 'AI.png'),
(662, 'Castries', 'Saint Lucian', '662', 'East Caribbean dollar', 'XCD', 'cent', '$', 2, 'Saint Lucia', 'LC', 'LCA', 'Saint Lucia', '019', '029', 0, '1', 'LC.png'),
(663, 'Marigot', 'of Saint Martin', '663', 'euro', 'EUR', 'cent', NULL, NULL, 'Collectivity of Saint Martin', 'MF', 'MAF', 'Saint Martin (French part)', '019', '029', 0, '590', NULL),
(666, 'Saint-Pierre', 'St-Pierrais; Miquelonnais', '666', 'euro', 'EUR', 'cent', '€', 2, 'Territorial Collectivity of Saint Pierre and Miquelon', 'PM', 'SPM', 'Saint Pierre and Miquelon', '019', '021', 0, '508', 'PM.png'),
(670, 'Kingstown', 'Vincentian', '670', 'East Caribbean dollar', 'XCD', 'cent', '$', 2, 'Saint Vincent and the Grenadines', 'VC', 'VCT', 'Saint Vincent and the Grenadines', '019', '029', 0, '1', 'VC.png'),
(674, 'San Marino', 'San Marinese', '674', 'euro', 'EUR ', 'cent', '€', 2, 'Republic of San Marino', 'SM', 'SMR', 'San Marino', '150', '039', 0, '378', 'SM.png'),
(678, 'São Tomé', 'São Toméan', '678', 'dobra', 'STD', 'centavo', 'Db', 2, 'Democratic Republic of São Tomé and Príncipe', 'ST', 'STP', 'Sao Tome and Principe', '002', '017', 0, '239', 'ST.png'),
(682, 'Riyadh', 'Saudi Arabian', '682', 'riyal', 'SAR', 'halala', '﷼', 2, 'Kingdom of Saudi Arabia', 'SA', 'SAU', 'Saudi Arabia', '142', '145', 0, '966', 'SA.png'),
(686, 'Dakar', 'Senegalese', '686', 'CFA franc (BCEAO)', 'XOF', 'centime', 'XOF', 0, 'Republic of Senegal', 'SN', 'SEN', 'Senegal', '002', '011', 0, '221', 'SN.png'),
(688, 'Belgrade', 'Serb', '688', 'Serbian dinar', 'RSD', 'para (inv.)', NULL, NULL, 'Republic of Serbia', 'RS', 'SRB', 'Serbia', '150', '039', 0, '381', NULL),
(690, 'Victoria', 'Seychellois', '690', 'Seychelles rupee', 'SCR', 'cent', '₨', 2, 'Republic of Seychelles', 'SC', 'SYC', 'Seychelles', '002', '014', 0, '248', 'SC.png'),
(694, 'Freetown', 'Sierra Leonean', '694', 'leone', 'SLL', 'cent', 'Le', 2, 'Republic of Sierra Leone', 'SL', 'SLE', 'Sierra Leone', '002', '011', 0, '232', 'SL.png'),
(702, 'Singapore', 'Singaporean', '702', 'Singapore dollar', 'SGD', 'cent', '$', 2, 'Republic of Singapore', 'SG', 'SGP', 'Singapore', '142', '035', 0, '65', 'SG.png'),
(703, 'Bratislava', 'Slovak', '703', 'euro', 'EUR', 'cent', 'Sk', 2, 'Slovak Republic', 'SK', 'SVK', 'Slovakia', '150', '151', 1, '421', 'SK.png'),
(704, 'Hanoi', 'Vietnamese', '704', 'dong', 'VND', '(10 hào', '₫', 2, 'Socialist Republic of Vietnam', 'VN', 'VNM', 'Viet Nam', '142', '035', 0, '84', 'VN.png'),
(705, 'Ljubljana', 'Slovene', '705', 'euro', 'EUR', 'cent', '€', 2, 'Republic of Slovenia', 'SI', 'SVN', 'Slovenia', '150', '039', 1, '386', 'SI.png'),
(706, 'Mogadishu', 'Somali', '706', 'Somali shilling', 'SOS', 'cent', 'S', 2, 'Somali Republic', 'SO', 'SOM', 'Somalia', '002', '014', 0, '252', 'SO.png'),
(710, 'Pretoria (ZA1)', 'South African', '710', 'rand', 'ZAR', 'cent', 'R', 2, 'Republic of South Africa', 'ZA', 'ZAF', 'South Africa', '002', '018', 0, '27', 'ZA.png'),
(716, 'Harare', 'Zimbabwean', '716', 'Zimbabwe dollar (ZW1)', 'ZWL', 'cent', 'Z$', 2, 'Republic of Zimbabwe', 'ZW', 'ZWE', 'Zimbabwe', '002', '014', 0, '263', 'ZW.png'),
(724, 'Madrid', 'Spaniard', '724', 'euro', 'EUR', 'cent', '€', 2, 'Kingdom of Spain', 'ES', 'ESP', 'Spain', '150', '039', 1, '34', 'ES.png'),
(728, 'Juba', 'South Sudanese', '728', 'South Sudanese pound', 'SSP', 'piaster', NULL, NULL, 'Republic of South Sudan', 'SS', 'SSD', 'South Sudan', '002', '015', 0, '211', NULL),
(729, 'Khartoum', 'Sudanese', '729', 'Sudanese pound', 'SDG', 'piastre', NULL, NULL, 'Republic of the Sudan', 'SD', 'SDN', 'Sudan', '002', '015', 0, '249', NULL),
(732, 'Al aaiun', 'Sahrawi', '732', 'Moroccan dirham', 'MAD', 'centime', 'MAD', 2, 'Western Sahara', 'EH', 'ESH', 'Western Sahara', '002', '015', 0, '212', 'EH.png'),
(740, 'Paramaribo', 'Surinamese', '740', 'Surinamese dollar', 'SRD', 'cent', '$', 2, 'Republic of Suriname', 'SR', 'SUR', 'Suriname', '019', '005', 0, '597', 'SR.png'),
(744, 'Longyearbyen', 'of Svalbard', '744', 'Norwegian krone (pl. kroner)', 'NOK', 'øre (inv.)', 'kr', 2, 'Svalbard and Jan Mayen', 'SJ', 'SJM', 'Svalbard and Jan Mayen', '150', '154', 0, '47', 'SJ.png'),
(748, 'Mbabane', 'Swazi', '748', 'lilangeni', 'SZL', 'cent', 'SZL', 2, 'Kingdom of Swaziland', 'SZ', 'SWZ', 'Swaziland', '002', '018', 0, '268', 'SZ.png'),
(752, 'Stockholm', 'Swedish', '752', 'krona (pl. kronor)', 'SEK', 'öre (inv.)', 'kr', 2, 'Kingdom of Sweden', 'SE', 'SWE', 'Sweden', '150', '154', 1, '46', 'SE.png'),
(756, 'Berne', 'Swiss', '756', 'Swiss franc', 'CHF', 'centime', 'CHF', 2, 'Swiss Confederation', 'CH', 'CHE', 'Switzerland', '150', '155', 1, '41', 'CH.png'),
(760, 'Damascus', 'Syrian', '760', 'Syrian pound', 'SYP', 'piastre', '£', 2, 'Syrian Arab Republic', 'SY', 'SYR', 'Syrian Arab Republic', '142', '145', 0, '963', 'SY.png'),
(762, 'Dushanbe', 'Tajik', '762', 'somoni', 'TJS', 'diram', 'TJS', 2, 'Republic of Tajikistan', 'TJ', 'TJK', 'Tajikistan', '142', '143', 0, '992', 'TJ.png'),
(764, 'Bangkok', 'Thai', '764', 'baht (inv.)', 'THB', 'satang (inv.)', '฿', 2, 'Kingdom of Thailand', 'TH', 'THA', 'Thailand', '142', '035', 0, '66', 'TH.png'),
(768, 'Lomé', 'Togolese', '768', 'CFA franc (BCEAO)', 'XOF', 'centime', 'XOF', 0, 'Togolese Republic', 'TG', 'TGO', 'Togo', '002', '011', 0, '228', 'TG.png'),
(772, '(TK2)', 'Tokelauan', '772', 'New Zealand dollar', 'NZD', 'cent', '$', 2, 'Tokelau', 'TK', 'TKL', 'Tokelau', '009', '061', 0, '690', 'TK.png'),
(776, 'Nuku’alofa', 'Tongan', '776', 'pa’anga (inv.)', 'TOP', 'seniti (inv.)', 'T$', 2, 'Kingdom of Tonga', 'TO', 'TON', 'Tonga', '009', '061', 0, '676', 'TO.png'),
(780, 'Port of Spain', 'Trinidadian; Tobagonian', '780', 'Trinidad and Tobago dollar', 'TTD', 'cent', 'TT$', 2, 'Republic of Trinidad and Tobago', 'TT', 'TTO', 'Trinidad and Tobago', '019', '029', 0, '1', 'TT.png'),
(784, 'Abu Dhabi', 'Emirian', '784', 'UAE dirham', 'AED', 'fils (inv.)', 'AED', 2, 'United Arab Emirates', 'AE', 'ARE', 'United Arab Emirates', '142', '145', 0, '971', 'AE.png'),
(788, 'Tunis', 'Tunisian', '788', 'Tunisian dinar', 'TND', 'millime', 'TND', 3, 'Republic of Tunisia', 'TN', 'TUN', 'Tunisia', '002', '015', 0, '216', 'TN.png'),
(792, 'Ankara', 'Turk', '792', 'Turkish lira (inv.)', 'TRY', 'kurus (inv.)', '₺', 2, 'Republic of Turkey', 'TR', 'TUR', 'Turkey', '142', '145', 0, '90', 'TR.png'),
(795, 'Ashgabat', 'Turkmen', '795', 'Turkmen manat (inv.)', 'TMT', 'tenge (inv.)', 'm', 2, 'Turkmenistan', 'TM', 'TKM', 'Turkmenistan', '142', '143', 0, '993', 'TM.png'),
(796, 'Cockburn Town', 'Turks and Caicos Islander', '796', 'US dollar', 'USD', 'cent', '$', 2, 'Turks and Caicos Islands', 'TC', 'TCA', 'Turks and Caicos Islands', '019', '029', 0, '1', 'TC.png'),
(798, 'Funafuti', 'Tuvaluan', '798', 'Australian dollar', 'AUD', 'cent', '$', 2, 'Tuvalu', 'TV', 'TUV', 'Tuvalu', '009', '061', 0, '688', 'TV.png'),
(800, 'Kampala', 'Ugandan', '800', 'Uganda shilling', 'UGX', 'cent', 'UGX', 0, 'Republic of Uganda', 'UG', 'UGA', 'Uganda', '002', '014', 0, '256', 'UG.png'),
(804, 'Kiev', 'Ukrainian', '804', 'hryvnia', 'UAH', 'kopiyka', '₴', 2, 'Ukraine', 'UA', 'UKR', 'Ukraine', '150', '151', 0, '380', 'UA.png'),
(807, 'Skopje', 'of the former Yugoslav Republic of Macedonia', '807', 'denar (pl. denars)', 'MKD', 'deni (inv.)', 'ден', 2, 'the former Yugoslav Republic of Macedonia', 'MK', 'MKD', 'Macedonia, the former Yugoslav Republic of', '150', '039', 0, '389', 'MK.png'),
(818, 'Cairo', 'Egyptian', '818', 'Egyptian pound', 'EGP', 'piastre', '£', 2, 'Arab Republic of Egypt', 'EG', 'EGY', 'Egypt', '002', '015', 0, '20', 'EG.png'),
(826, 'London', 'British', '826', 'pound sterling', 'GBP', 'penny (pl. pence)', '£', 2, 'United Kingdom of Great Britain and Northern Ireland', 'GB', 'GBR', 'United Kingdom', '150', '154', 1, '44', 'GB.png'),
(831, 'St Peter Port', 'of Guernsey', '831', 'Guernsey pound (GG2)', 'GGP (GG2)', 'penny (pl. pence)', NULL, NULL, 'Bailiwick of Guernsey', 'GG', 'GGY', 'Guernsey', '150', '154', 0, '44', NULL),
(832, 'St Helier', 'of Jersey', '832', 'Jersey pound (JE2)', 'JEP (JE2)', 'penny (pl. pence)', NULL, NULL, 'Bailiwick of Jersey', 'JE', 'JEY', 'Jersey', '150', '154', 0, '44', NULL),
(833, 'Douglas', 'Manxman; Manxwoman', '833', 'Manx pound (IM2)', 'IMP (IM2)', 'penny (pl. pence)', NULL, NULL, 'Isle of Man', 'IM', 'IMN', 'Isle of Man', '150', '154', 0, '44', NULL),
(834, 'Dodoma (TZ1)', 'Tanzanian', '834', 'Tanzanian shilling', 'TZS', 'cent', 'TZS', 2, 'United Republic of Tanzania', 'TZ', 'TZA', 'Tanzania, United Republic of', '002', '014', 0, '255', 'TZ.png'),
(840, 'Washington DC', 'American', '840', 'US dollar', 'USD', 'cent', '$', 2, 'United States of America', 'US', 'USA', 'United States', '019', '021', 0, '1', 'US.png'),
(850, 'Charlotte Amalie', 'US Virgin Islander', '850', 'US dollar', 'USD', 'cent', '$', 2, 'United States Virgin Islands', 'VI', 'VIR', 'Virgin Islands, U.S.', '019', '029', 0, '1', 'VI.png'),
(854, 'Ouagadougou', 'Burkinabe', '854', 'CFA franc (BCEAO)', 'XOF', 'centime', 'XOF', 0, 'Burkina Faso', 'BF', 'BFA', 'Burkina Faso', '002', '011', 0, '226', 'BF.png'),
(858, 'Montevideo', 'Uruguayan', '858', 'Uruguayan peso', 'UYU', 'centésimo', '$U', 0, 'Eastern Republic of Uruguay', 'UY', 'URY', 'Uruguay', '019', '005', 0, '598', 'UY.png'),
(860, 'Tashkent', 'Uzbek', '860', 'sum (inv.)', 'UZS', 'tiyin (inv.)', 'лв', 2, 'Republic of Uzbekistan', 'UZ', 'UZB', 'Uzbekistan', '142', '143', 0, '998', 'UZ.png'),
(862, 'Caracas', 'Venezuelan', '862', 'bolívar fuerte (pl. bolívares fuertes)', 'VEF', 'céntimo', 'Bs', 2, 'Bolivarian Republic of Venezuela', 'VE', 'VEN', 'Venezuela, Bolivarian Republic of', '019', '005', 0, '58', 'VE.png'),
(876, 'Mata-Utu', 'Wallisian; Futunan; Wallis and Futuna Islander', '876', 'CFP franc', 'XPF', 'centime', 'XPF', 0, 'Wallis and Futuna', 'WF', 'WLF', 'Wallis and Futuna', '009', '061', 0, '681', 'WF.png'),
(882, 'Apia', 'Samoan', '882', 'tala (inv.)', 'WST', 'sene (inv.)', 'WS$', 2, 'Independent State of Samoa', 'WS', 'WSM', 'Samoa', '009', '061', 0, '685', 'WS.png'),
(887, 'San’a', 'Yemenite', '887', 'Yemeni rial', 'YER', 'fils (inv.)', '﷼', 2, 'Republic of Yemen', 'YE', 'YEM', 'Yemen', '142', '145', 0, '967', 'YE.png'),
(894, 'Lusaka', 'Zambian', '894', 'Zambian kwacha (inv.)', 'ZMW', 'ngwee (inv.)', 'ZK', 2, 'Republic of Zambia', 'ZM', 'ZMB', 'Zambia', '002', '014', 0, '260', 'ZM.png');

-- --------------------------------------------------------

--
-- Estructura de tabla para la tabla `drivers`
--

CREATE TABLE IF NOT EXISTS `drivers` (
  `id` int(11) NOT NULL AUTO_INCREMENT,
  `users_id` int(11) NOT NULL,
  `organizations_id` int(11) DEFAULT NULL,
  `nombres` varchar(60) NOT NULL,
  `apellidos` varchar(60) NOT NULL,
  `fechanac` date NOT NULL,
  `genero` varchar(45) NOT NULL,
  `direccion` varchar(200) NOT NULL,
  `dni` varchar(10) NOT NULL,
  `licencia` varchar(45) NOT NULL,
  `fechacadlic` date NOT NULL,
  `tipo_vehiculo` int(11) NOT NULL DEFAULT '2',
  PRIMARY KEY (`id`)
) ENGINE=InnoDB  DEFAULT CHARSET=utf8 AUTO_INCREMENT=16 ;

--
-- Volcado de datos para la tabla `drivers`
--

INSERT INTO `drivers` (`id`, `users_id`, `organizations_id`, `nombres`, `apellidos`, `fechanac`, `genero`, `direccion`, `dni`, `licencia`, `fechacadlic`, `tipo_vehiculo`) VALUES
(1, 2, NULL, 'Cesar', 'Mejia', '1987-09-30', 'Masculino', 'lince 233', '9632586', 'KDUHD56', '2019-09-27', 2),
(2, 5, NULL, 'Gallo', 'Claudio', '2003-09-22', 'Masculino', 'av lima 233', '9635584', '226366JJ', '2017-09-30', 2),
(3, 6, NULL, 'Alisos', 'Principe', '1971-09-30', 'Masculino', 'Lince 333', '7896523', '456555GH', '2017-09-30', 2),
(4, 10, NULL, 'Armando', 'Paredes Casas', '1999-09-24', 'Masculino', 'Lima 2333', '4561237', '456633KL', '2017-09-30', 2),
(5, 11, NULL, 'Luis', 'Cruz', '1996-01-15', 'Masculino', 'mi casa', '72965784', 'LMJGS', '2025-09-24', 2),
(6, 12, NULL, 'Milagros', 'Alfaro', '2006-09-28', 'Masculino', 'lima 222', '9658749', '572733HJ', '2017-09-30', 2),
(7, 13, NULL, 'Lichin', 'Marquina', '1998-09-30', 'Masculino', 'lima 222', '9632885', '35525HH', '2017-09-30', 1),
(8, 14, NULL, 'Conductor', 'Gallardo', '2010-09-30', 'Masculino', 'Lima 123', '96325874', '553636Y', '2017-09-30', 3),
(9, 15, NULL, 'Alan', 'Cueva', '1991-09-27', 'Masculino', 'lince 222', '5236978', '562727JJ', '2017-09-30', 3),
(10, 16, NULL, 'Conductor', 'Prueba', '1992-09-25', 'Masculino', 'limce 234', '9658742', '466777H', '2017-09-30', 3),
(11, 25, NULL, 'Conductor', 'Test', '2004-09-30', 'Masculino', 'av. lima 123', '96587412', '1441267GH', '2017-09-30', 3),
(12, 27, NULL, 'Alan Cesar', 'Mejia Cueva', '1989-09-30', 'Masculino', 'av. prolongacion 455', '4561234', '556626G', '2017-09-30', 3),
(13, 43, NULL, 'Jose', 'Chavez', '1975-01-19', 'Masculino', 'Miraflores', '10264154', '1111111111', '2017-10-18', 3),
(14, 44, NULL, 'Juan', 'Perez Seras', '1972-10-23', 'Masculino', 'ghgjhj qww', '058978088', 'Q1235677', '2021-10-23', 3),
(15, 45, NULL, 'Yocenp', 'Peru', '1996-03-20', 'Masculino', 'av. miraflores 233', '75953506', 'T75953506', '2018-01-24', 3);

-- --------------------------------------------------------

--
-- Estructura de tabla para la tabla `log`
--

CREATE TABLE IF NOT EXISTS `log` (
  `id` int(11) NOT NULL AUTO_INCREMENT,
  `detalle` text NOT NULL,
  PRIMARY KEY (`id`)
) ENGINE=InnoDB  DEFAULT CHARSET=utf8 AUTO_INCREMENT=365 ;

--
-- Volcado de datos para la tabla `log`
--

INSERT INTO `log` (`id`, `detalle`) VALUES
(1, '{"direccion":"Av. los alisos 334, los olivos","id":9,"name":"Armando Casas","telefono":"963258963"}'),
(2, '{"direccion":"Av. los alisos 334, los olivos","id":9,"name":"Armando Casas","telefono":"963258963"}'),
(3, '{"nombre_tarjeta":"CESAR MEJIA","tarjeta":"Visa","numero":"4111111111111111","ccv":"123","mes":"09","anio":"20","usuario":"22","codigo":"tkn_test_4WkVHbjYmJCWpLvT"}'),
(4, '{"object":"customer","id":"cus_test_0s6420vgvacaPwVi","creation_date":1506486658496,"email":"cesar@test.com","antifraud_details":{"first_name":"Cesar Cueva","last_name":"Mejia","address":"av. alisos 344, los olivos","address_city":"lima","country_code":"PE","phone":"963258741","object":"client"},"metadata":{"id":"22"}}'),
(5, '{"nombre_tarjeta":"CESAR MEJIA","tarjeta":"Visa","numero":"4111111111111111","ccv":"123","mes":"09","anio":"20","usuario":"22","codigo":"tkn_test_4WkVHbjYmJCWpLvT"}'),
(6, '{"nombre_tarjeta":"CESAR MEJIA","tarjeta":"Visa","numero":"4111111111111111","ccv":"123","mes":"09","anio":"20","usuario":"22","codigo":"tkn_test_5iTOGbkjcTdI9xRS"}'),
(7, '{"nombre_tarjeta":"CESAR MEJIA","tarjeta":"Visa","numero":"4111111111111111","ccv":"123","mes":"09","anio":"20","usuario":"23","codigo":"tkn_test_KQctc50EHgyRChh1"}'),
(8, '{"object":"customer","id":"cus_test_uagn0t9zYvDtNWZh","creation_date":1506487635068,"email":"cristian@test.com","antifraud_details":{"first_name":"Cristian","last_name":"Mejia","address":"huanchay 4806, los olivos","address_city":"lima","country_code":"PE","phone":"965789456","object":"client"},"metadata":{"id":"23"}}'),
(9, '{"tarjet":"4111111111111111","usuario":"23","codigo":"tkn_test_KQctc50EHgyRChh1","nombre_tarjeta":"CESAR MEJIA"}'),
(10, '{"tarjet":"4111111111111111","usuario":"23","codigo":"tkn_test_KQctc50EHgyRChh1","nombre_tarjeta":"CESAR MEJIA"}'),
(11, '{"object":"customer","id":"cus_test_MIqUnD0L0coEvJBn","creation_date":1506488027878,"email":"cristian@test1.com","antifraud_details":{"first_name":"Cristian","last_name":"Mejia","address":"huanchay 4806, los olivos","address_city":"lima","country_code":"PE","phone":"965789456","object":"client"},"metadata":{"id":"23"}}'),
(12, '{"tarjet":"4111111111111111","usuario":"23","codigo":"tkn_test_KQctc50EHgyRChh1","nombre_tarjeta":"CESAR MEJIA"}'),
(13, '{"nombre_tarjeta":"CESAR CUEVA","tarjeta":"Visa","numero":"4111","usuario":"24","codigo":"tkn_test_IXmlRHNP7KyrFgDy"}'),
(14, '{"object":"customer","id":"cus_test_2rZhSjyilLLG96Tr","creation_date":1506489044648,"email":"alanpruebas@test.com","antifraud_details":{"first_name":"Alan","last_name":"Pruebas","address":"Cl. lince 233, lince","address_city":"lima","country_code":"PE","phone":"963258963","object":"client"},"metadata":{"id":"24"}}'),
(15, '{"nombre_tarjeta":"CESAR CUEVA","tarjeta":"Visa","numero":"4111","usuario":"24","codigo":"tkn_test_IXmlRHNP7KyrFgDy"}'),
(16, '{"tarjet":"4111","usuario":"24","codigo":"tkn_test_IXmlRHNP7KyrFgDy","nombre_tarjeta":"CESAR MEJIA"}'),
(17, '{"tarjet":"4111","usuario":"24","codigo":"tkn_test_IXmlRHNP7KyrFgDy","nombre_tarjeta":"CESAR MEJIA"}'),
(18, '{"nombre_tarjeta":"CESAR MEJIA","tarjeta":"Visa","numero":"4111","usuario":"24","codigo":"tkn_test_e3iGil8oGc2vssHo"}'),
(19, '{"object":"customer","id":"cus_test_tzL07xwD4We5ypvA","creation_date":1506489274272,"email":"alanpruebas@test.com","antifraud_details":{"first_name":"Alan","last_name":"Pruebas","address":"Cl. lince 233, lince","address_city":"lima","country_code":"PE","phone":"963258963","object":"client"},"metadata":{"id":"24"}}'),
(20, '{"nombre_tarjeta":"CESAR MEJIA","tarjeta":"Visa","numero":"4111","usuario":"24","codigo":"tkn_test_e3iGil8oGc2vssHo"}'),
(21, '{"tarjet":"4111","usuario":"24","codigo":"tkn_test_e3iGil8oGc2vssHo","nombre_tarjeta":"CESAR MEJIA"}'),
(22, '{"tarjet":"4111","usuario":"24","codigo":"tkn_test_e3iGil8oGc2vssHo","nombre_tarjeta":"CESAR MEJIA"}'),
(23, '{"nombre_tarjeta":"CESAR MEJIA","tarjeta":"Visa","numero":"4111","usuario":"24","codigo":"tkn_test_nuA89lvNe85kb9Ys"}'),
(24, '{"nombre_tarjeta":"CESAR MEJIA","tarjeta":"Visa","numero":"4111","usuario":"24","codigo":"tkn_test_nuA89lvNe85kb9Ys"}'),
(25, '{"destino":"La Molina, Per\\u00fa","id":16,"idusuario":24,"llDestino":"{\\"lat\\":-12.082019599999999,\\"lng\\":-76.928234}","llOrigen":"{\\"lat\\":-11.9806223,\\"lng\\":-77.0668685}","origen":"Pariahuanca 380, Los Olivos 15304, Per\\u00fa","tarifae":"72.67","tarifar":"0","tipo":1,"tipoPago":1}'),
(26, '{"destino":"Santiago de Surco, Per\\u00fa","id":16,"idusuario":24,"llDestino":"{\\"lat\\":-12.1416088,\\"lng\\":-76.9918155}","llOrigen":"{\\"lat\\":-11.9806431,\\"lng\\":-77.066846}","origen":"Huanchay 4820, Cercado de Lima 15304, Per\\u00fa","tarifae":"73.11","tarifar":"0","tipo":1,"tipoPago":1}'),
(27, '{"nombres":"Conductor","apellidos":"Test","telefono":"967584772","email":"conductorp@test.com","password":"1234","fechanac":"30\\/9\\/2004","genero":"Masculino","direccion":"av. lima 123","dni":"96587412","licencia":"1441267GH","fechacadlic":"30\\/9\\/2017","soat":"3","file1":{}}'),
(28, '{"destino":"La Victoria, Per\\u00fa","id":25,"idusuario":24,"llDestino":"{\\"lat\\":-12.0734497,\\"lng\\":-77.01628989999999}","llOrigen":"{\\"lat\\":-11.9806833,\\"lng\\":-77.0667733}","origen":"Pariahuanca 380, Los Olivos 15304, Per\\u00fa","tarifae":"60.39","tarifar":"0","tipo":1,"tipoPago":1}'),
(29, '{"nombre_tarjeta":"CESAR CUEVA","tarjeta":"MasterCard","numero":"5111","usuario":"24","codigo":"tkn_test_IPzyAjRbeU6xFUT9"}'),
(30, '{"nombre_tarjeta":"CESAR CUEVA","tarjeta":"MasterCard","numero":"5111","usuario":"24","codigo":"tkn_test_IPzyAjRbeU6xFUT9"}'),
(31, '{"nombre_tarjeta":"CESAR MEJIA","tarjeta":"Visa","numero":"4111","usuario":"24","codigo":"tkn_test_CH38pd1FnW3v2ZGZ"}'),
(32, '{"nombre_tarjeta":"CESAR MEJIA","tarjeta":"Visa","numero":"4111","usuario":"24","codigo":"tkn_test_CH38pd1FnW3v2ZGZ"}'),
(33, '{"nombre_tarjeta":"CESAR CUEFA","tarjeta":"Visa","numero":"4111","usuario":"24","codigo":"tkn_test_YhDOpdDB6golFC8J"}'),
(34, '{"nombre_tarjeta":"CESAR CUEFA","tarjeta":"Visa","numero":"4111","usuario":"24","codigo":"tkn_test_YhDOpdDB6golFC8J"}'),
(35, '{"nombre_tarjeta":"CESAT NEJIA","tarjeta":"MasterCard","numero":"5111","usuario":"24","codigo":"tkn_test_14LeDY2oFUSmU7R3"}'),
(36, '{"nombre_tarjeta":"CESAT NEJIA","tarjeta":"MasterCard","numero":"5111","usuario":"24","codigo":"tkn_test_14LeDY2oFUSmU7R3"}'),
(37, '{"nombre_tarjeta":"CESAR ALAN","tarjeta":"Visa","numero":"4444","usuario":"24","codigo":"tkn_test_j917XLBJDXskUgzH"}'),
(38, '{"nombre_tarjeta":"CESAR ALAN","tarjeta":"Visa","numero":"4444","usuario":"24","codigo":"tkn_test_j917XLBJDXskUgzH"}'),
(39, '{"nombre_tarjeta":"CESAR MEJIA","tarjeta":"Visa","numero":"4111","usuario":"26","codigo":"tkn_test_vwa5XPj9QHOh8YGv"}'),
(40, '{"object":"customer","id":"cus_test_5qwPZCiubs84LahW","creation_date":1506524271336,"email":"alanpd@test.com","antifraud_details":{"first_name":"Alan","last_name":"Paredes","address":"Av. el ejercito 455","address_city":"lima","country_code":"PE","phone":"896547239","object":"client"},"metadata":{"id":"26"}}'),
(41, '{"nombre_tarjeta":"CESAR MEJIA","tarjeta":"Visa","numero":"4111","usuario":"26","codigo":"tkn_test_vwa5XPj9QHOh8YGv"}'),
(42, '{"nombres":"Alan Cesar","apellidos":"Mejia Cueva","telefono":"987456231","email":"alanmej@test.com","password":"1234","fechanac":"30\\/9\\/1989","genero":"Masculino","direccion":"av. prolongacion 455","dni":"4561234","licencia":"556626G","fechacadlic":"30\\/9\\/2017","soat":"3","file1":{}}'),
(43, '{"nombre_tarjeta":"JOSE CARRASCO","tarjeta":"Visa","numero":"4111","usuario":"18","codigo":"tkn_test_CXPWtVkvqjmFBZ5j"}'),
(44, '{"object":"customer","id":"cus_test_AIkVMkackkdLgBUi","creation_date":1506530328560,"email":"voodoo_jacc@hotmail.com","antifraud_details":{"first_name":"Jose Antonio Carrasco","last_name":"Chavez","address":"av alameda del corregidor 350 la Molina","address_city":"lima","country_code":"PE","phone":"987318756","object":"client"},"metadata":{"id":"18"}}'),
(45, '{"nombre_tarjeta":"JOSE CARRASCO","tarjeta":"Visa","numero":"4111","usuario":"18","codigo":"tkn_test_CXPWtVkvqjmFBZ5j"}'),
(46, '{"destino":"Lince, Per\\u00fa","id":16,"idusuario":18,"llDestino":"{\\"lat\\":-12.0853194,\\"lng\\":-77.03577609999999}","llOrigen":"{\\"lat\\":-12.0957608,\\"lng\\":-77.0379684}","origen":"Av. Sto. Toribio 115, San Isidro 15073, Per\\u00fa","tarifae":"43.12","tarifar":"0","tipo":1,"tipoPago":1}'),
(47, '{"destino":"Jiron Mar Peruano 204, Cercado de Lima 15023, Per\\u00fa","id":16,"idusuario":18,"llDestino":"{\\"lat\\":-12.081999099999999,\\"lng\\":-76.9757037}","llOrigen":"{\\"lat\\":-12.0956384,\\"lng\\":-77.0378884}","origen":"Av. Victor Andr\\u00e9s Bela\\u00fande 177, San Isidro 15073, Per\\u00fa","tarifae":"49.50","tarifar":"0","tipo":1,"tipoPago":1}'),
(48, '{"name":"IOS Prueba","telefono":"963528745","email":"iosprueba@gmail.com","modo":"Correo","password":"1234","foto":{}}'),
(49, '{"name":"IOS Prueba","telefono":"963528745","email":"iosprueba@gmail.com","modo":"Correo","password":"1234","foto":{}}'),
(50, '{"name":"IOS TEST","telefono":"963528744","email":"iosprueba1@gmail.com","modo":"Correo","password":"1233","foto":{}}'),
(51, '{"name":"Alan Principe","telefono":"789456321","email":"alanprincipe@test.dev","modo":"Correo","password":"1234","foto":{}}'),
(52, '{"name":"Usuario Prueba","telefono":"369852147","email":"usuariop@test.dev","modo":"Correo","password":"1234","foto":{}}'),
(53, '{"name":"Alan Principe Mej\\u00eda","telefono":"369852366","email":"alanpm@test.dev","direccion":"Av. Mexico 344","modo":"Correo","password":"1234","foto":{}}'),
(54, '{"nombre_tarjeta":"CESAR MEJIA","tarjeta":"Visa","numero":"4111","usuario":"28","codigo":"tkn_test_2Q1ntj8JywYUnDpE"}'),
(55, '{"object":"customer","id":"cus_test_LnNPAcggW73XmdvN","creation_date":1507235964479,"email":"dacdevelopers@gmail.com","antifraud_details":{"first_name":"Dac","last_name":"Devs","address":"Huanchay 4829, los olivos","address_city":"lima","country_code":"PE","phone":"963258741","object":"client"},"metadata":{"id":"28"}}'),
(56, '{"nombre_tarjeta":"CESAR MEJIA","tarjeta":"Visa","numero":"4111","usuario":"28","codigo":"tkn_test_2Q1ntj8JywYUnDpE"}'),
(57, '{"nombre_tarjeta":"CESAR ALAN","tarjeta":"American Express","numero":"3712","usuario":"28","codigo":"tkn_test_DOHrDSNJSYKzOhDU"}'),
(58, '{"nombre_tarjeta":"CESAR ALAN","tarjeta":"American Express","numero":"3712","usuario":"28","codigo":"tkn_test_DOHrDSNJSYKzOhDU"}'),
(59, '{"nombre_tarjeta":"Cesar Mejia","tarjeta":"Visa","numero":"1111","usuario":"33","codigo":"tkn_test_CgEMmrrU65QVY0gV"}'),
(60, '{"nombre_tarjeta":"Alan Principe","tarjeta":"Visa","numero":"1111","usuario":"33","codigo":"tkn_test_TJb1RXcn836XFr77"}'),
(61, '{"object":"customer","id":"cus_test_DvqFiON0gVFoJxxT","creation_date":1507297225676,"email":"alanpm@test.dev","antifraud_details":{"first_name":"Alan","last_name":"Principe","address":"Av. Mexico 344","address_city":"lima","country_code":"PE","phone":"369852366","object":"client"},"metadata":{"id":"33"}}'),
(62, '{"nombre_tarjeta":"Alan Principe","tarjeta":"Visa","numero":"1111","usuario":"33","codigo":"tkn_test_TJb1RXcn836XFr77"}'),
(63, '{"nombre_tarjeta":"Alan Principe","tarjeta":"Visa","numero":"1111","usuario":"33","codigo":"tkn_test_OQ1p17csXluNOAFz"}'),
(64, '{"nombre_tarjeta":"Alan Principe","tarjeta":"Visa","numero":"1111","usuario":"33","codigo":"tkn_test_OQ1p17csXluNOAFz"}'),
(65, '{"nombre_tarjeta":"Alan Principe","tarjeta":"Visa","numero":"1111","usuario":"33","codigo":"tkn_test_jwEnQCObMpsOHLeA"}'),
(66, '{"nombre_tarjeta":"Alan Principe","tarjeta":"Visa","numero":"1111","usuario":"33","codigo":"tkn_test_jwEnQCObMpsOHLeA"}'),
(67, '{"nombre_tarjeta":"Alan Principe","tarjeta":"MasterCard","numero":"1118","usuario":"33","codigo":"tkn_test_1fK1W8sSi8uy9XOF"}'),
(68, '{"nombre_tarjeta":"Alan Principe","tarjeta":"MasterCard","numero":"1118","usuario":"33","codigo":"tkn_test_1fK1W8sSi8uy9XOF"}'),
(69, '{"nombre_tarjeta":"Alan Principe","tarjeta":"Amex","numero":"2122","usuario":"33","codigo":"tkn_test_szyXyJI16hukaBhQ"}'),
(70, '{"nombre_tarjeta":"Alan Principe","tarjeta":"Amex","numero":"2122","usuario":"33","codigo":"tkn_test_szyXyJI16hukaBhQ"}'),
(71, '{"nombre_tarjeta":"Alan Principe","tarjeta":"Diners Club","numero":"1210","usuario":"33","codigo":"tkn_test_SnCxm4cGelRdjJSk"}'),
(72, '{"nombre_tarjeta":"Alan Principe","tarjeta":"Diners Club","numero":"1210","usuario":"33","codigo":"tkn_test_SnCxm4cGelRdjJSk"}'),
(73, '{"nombre_tarjeta":"Axel Principe","tarjeta":"Visa","numero":"1111","usuario":"33","codigo":"tkn_test_IaXJpWAnPpWGG6xi"}'),
(74, '{"nombre_tarjeta":"Axel Principe","tarjeta":"Visa","numero":"1111","usuario":"33","codigo":"tkn_test_IaXJpWAnPpWGG6xi"}'),
(75, '{"nombre_tarjeta":"Alan Principe","tarjeta":"Visa","numero":"1111","usuario":"33","codigo":"tkn_test_SwftmWJhPZ3cqcMf"}'),
(76, '{"nombre_tarjeta":"Alan Principe","tarjeta":"Visa","numero":"1111","usuario":"33","codigo":"tkn_test_SwftmWJhPZ3cqcMf"}'),
(77, '{"name":"Cesar Mejia","telefono":"938232863","email":"cm@test.dev","direccion":"Huanchay 4829, Los Olivos","modo":"Correo","password":"1234","foto":{}}'),
(78, '{"nombre_tarjeta":"Cesar Mejia","tarjeta":"Visa","numero":"1111","usuario":"34","codigo":"tkn_test_KHWN4snGPXwhu1SL"}'),
(79, '{"object":"customer","id":"cus_test_bD2smeo2XekDDPZL","creation_date":1507308184893,"email":"cm@test.dev","antifraud_details":{"first_name":"Cesar","last_name":"Mejia","address":"Huanchay 4829, Los Olivos","address_city":"lima","country_code":"PE","phone":"938232863","object":"client"},"metadata":{"id":"34"}}'),
(80, '{"nombre_tarjeta":"Cesar Mejia","tarjeta":"Visa","numero":"1111","usuario":"34","codigo":"tkn_test_KHWN4snGPXwhu1SL"}'),
(81, '{"name":"Alan Dev","telefono":"789456123","email":"alandev@test.dev","direccion":"Huanchay 7896, Lince","modo":"Correo","password":"1234","foto":{}}'),
(82, '{"nombre_tarjeta":"Alan Dev","tarjeta":"Visa","numero":"1111","usuario":"35","codigo":"tkn_test_KsMl29nDn44f4a34"}'),
(83, '{"object":"customer","id":"cus_test_Q1zOvrPrKi3pUPOd","creation_date":1507308319526,"email":"alandev@test.dev","antifraud_details":{"first_name":"Alan","last_name":"Dev","address":"Huanchay 7896, Lince","address_city":"lima","country_code":"PE","phone":"789456123","object":"client"},"metadata":{"id":"35"}}'),
(84, '{"nombre_tarjeta":"Alan Dev","tarjeta":"Visa","numero":"1111","usuario":"35","codigo":"tkn_test_KsMl29nDn44f4a34"}'),
(85, '{"nombre_tarjeta":"Cesar Mejia","tarjeta":"Visa","numero":"1111","usuario":"35","codigo":"tkn_test_gLsglsq1AJ64nzEU"}'),
(86, '{"nombre_tarjeta":"Cesar Mejia","tarjeta":"Visa","numero":"1111","usuario":"35","codigo":"tkn_test_gLsglsq1AJ64nzEU"}'),
(87, '{"destino":"La Molina, Lima Region, Peru","id":16,"idusuario":35,"llDestino":"{\\"lat\\":-12.0820196,\\"lng\\":-76.928234}","llOrigen":"{\\"lat\\":-11.978686,\\"lng\\":-77.067927}","origen":"Cajacay, Lima, Peru","tarifae":"22","tarifar":"0","tipo":1,"tipoPago":1}'),
(88, '{"destino":"Lince, Lima Region, Peru","id":25,"idusuario":35,"llDestino":"{\\"lat\\":-12.0853194,\\"lng\\":-77.03577609999999}","llOrigen":"{\\"lat\\":-11.978686,\\"lng\\":-77.067927}","origen":"Cajacay, Lima, Peru","tarifae":"83.62","tarifar":"0","tipo":1,"tipoPago":0}'),
(89, '{"destino":"Lince, Lima Region, Peru","id":16,"idusuario":35,"llDestino":"{\\"lat\\":-12.0853194,\\"lng\\":-77.03577609999999}","llOrigen":"{\\"lat\\":-11.978686,\\"lng\\":-77.067927}","origen":"Cajacay, Lima, Peru","tarifae":"83.62","tarifar":"0","tipo":1,"tipoPago":0}'),
(90, '{"destino":"Lince, Lima Region, Peru","id":16,"idusuario":35,"llDestino":"{\\"lat\\":-12.0853194,\\"lng\\":-77.03577609999999}","llOrigen":"{\\"lat\\":-11.978686,\\"lng\\":-77.067927}","origen":"Cajacay, Lima, Peru","tarifae":"83.62","tarifar":"0","tipo":1,"tipoPago":0}'),
(91, '{"destino":"Lince, Lima Region, Peru","id":16,"idusuario":35,"llDestino":"{\\"lat\\":-12.0853194,\\"lng\\":-77.03577609999999}","llOrigen":"{\\"lat\\":-11.978686,\\"lng\\":-77.067927}","origen":"Cajacay, Lima, Peru","tarifae":"83.62","tarifar":"0","tipo":1,"tipoPago":0}'),
(92, '{"destino":"Lince, Lima Region, Peru","id":16,"idusuario":35,"llDestino":"{\\"lat\\":-12.0853194,\\"lng\\":-77.03577609999999}","llOrigen":"{\\"lat\\":-11.978686,\\"lng\\":-77.067927}","origen":"Cajacay, Lima, Peru","tarifae":"83.62","tarifar":"0","tipo":1,"tipoPago":0}'),
(93, '{"destino":"Miraflores, Peru","id":16,"idusuario":35,"llDestino":"{\\"lat\\":-12.1317749,\\"lng\\":-76.9665768}","llOrigen":"{\\"lat\\":-11.978686,\\"lng\\":-77.067927}","origen":"Cajacay, Lima, Peru","tarifae":"106.27","tarifar":"0","tipo":1,"tipoPago":0}'),
(94, '{"destino":"La Victoria, Lima Region, Peru","id":16,"idusuario":35,"llDestino":"{\\"lat\\":-12.0734497,\\"lng\\":-77.01628989999999}","llOrigen":"{\\"lat\\":-11.978686,\\"lng\\":-77.067927}","origen":"Cajacay, Lima, Peru","tarifae":"85.43","tarifar":"0","tipo":1,"tipoPago":0}'),
(95, '{"destino":"Alfredo Mendiola 3698, Independencia 15311, Per\\u00fa","id":25,"idusuario":28,"llDestino":"{\\"lat\\":-11.9965871,\\"lng\\":-77.06283979999999}","llOrigen":"{\\"lat\\":-11.9807917,\\"lng\\":-77.0666983}","origen":"Pariahuanca 380, Los Olivos 15304, Per\\u00fa","tarifae":"44.17","tarifar":"0","tipo":1,"tipoPago":1}'),
(96, '{"destino":"Villa Mar\\u00eda del Triunfo, Lima Region, Peru","id":16,"idusuario":35,"llDestino":"{\\"lat\\":-12.1590715,\\"lng\\":-76.9297354}","llOrigen":"{\\"lat\\":-11.978686,\\"lng\\":-77.067927}","origen":"Cajacay, Lima, Peru","tarifae":"127.34","tarifar":"0","tipo":1,"tipoPago":0}'),
(97, '{"destino":"El Tambo Per\\u00fa, Avenida la Paz, Lima, Peru","id":16,"idusuario":35,"llDestino":"{\\"lat\\":-12.135397,\\"lng\\":-76.9729761}","llOrigen":"{\\"lat\\":-11.978686,\\"lng\\":-77.067927}","origen":"Cajacay, Lima, Peru","tarifae":"103.12","tarifar":"0","tipo":1,"tipoPago":0}'),
(98, '{"destino":"Lince, Lima Region, Peru","id":16,"idusuario":35,"llDestino":"{\\"lat\\":-12.0853194,\\"lng\\":-77.03577609999999}","llOrigen":"{\\"lat\\":-11.978686,\\"lng\\":-77.067927}","origen":"Cajacay, Lima, Peru","tarifae":"83.62","tarifar":"0","tipo":1,"tipoPago":0}'),
(99, '{"name":"Cesar Marquina","telefono":"999988202","email":"cesarmarquina@test.com","direccion":"Av. Huancar 234, Los Olivos","modo":"Correo","password":"1234","foto":{}}'),
(100, '{"nombre_tarjeta":"Cesar Marquina","tarjeta":"Visa","numero":"1111","usuario":"36","codigo":"tkn_test_ZwjxLTwKHqXNFuGA"}'),
(101, '{"object":"customer","id":"cus_test_0k7XqhFPvnwC1ghU","creation_date":1507651741742,"email":"cesarmarquina@test.com","antifraud_details":{"first_name":"Cesar","last_name":"Marquina","address":"Av. Huancar 234, Los Olivos","address_city":"lima","country_code":"PE","phone":"999988202","object":"client"},"metadata":{"id":"36"}}'),
(102, '{"nombre_tarjeta":"Cesar Marquina","tarjeta":"Visa","numero":"1111","usuario":"36","codigo":"tkn_test_ZwjxLTwKHqXNFuGA"}'),
(103, '{"destino":"Lince, Lima Region, Peru","id":16,"idusuario":36,"llDestino":"{\\"lat\\":-12.0853194,\\"lng\\":-77.03577609999999}","llOrigen":"{\\"lat\\":-12.119252,\\"lng\\":-77.030244}","origen":"Calle Jos\\u00e9 Olaya, Lima, Lima, Peru","tarifae":"67.08","tarifar":"0","tipo":1,"tipoPago":0}'),
(104, '{"name":"Pedro Mejia Cuba","telefono":"938267876","email":"pedromejia@test.com","direccion":"Av. Lima 455","modo":"Correo","password":"locaso266","foto":{}}'),
(105, '{"nombre_tarjeta":"Pedro Loki","tarjeta":"Visa","numero":"1111","usuario":"37","codigo":"tkn_test_mOEiOJAS6EEXBpOP"}'),
(106, '{"object":"customer","id":"cus_test_5dREK5351nC0HcpR","creation_date":1507660219986,"email":"pedromejia@test.com","antifraud_details":{"first_name":"Pedro Mejia","last_name":"Cuba","address":"Av. Lima 455","address_city":"lima","country_code":"PE","phone":"938267876","object":"client"},"metadata":{"id":"37"}}'),
(107, '{"nombre_tarjeta":"Pedro Loki","tarjeta":"Visa","numero":"1111","usuario":"37","codigo":"tkn_test_mOEiOJAS6EEXBpOP"}'),
(108, '{"destino":"Lince, Lima Region, Peru","id":16,"idusuario":37,"llDestino":"{\\"lat\\":-12.0853194,\\"lng\\":-77.03577609999999}","llOrigen":"{\\"lat\\":-12.118927,\\"lng\\":-77.030293}","origen":"Calle Atahualpa, Lima, Lima, Peru","tarifae":"64.47","tarifar":"0","tipo":1,"tipoPago":0}'),
(109, '{"destino":"Lince, Lima Region, Peru","id":16,"idusuario":37,"llDestino":"{\\"lat\\":-12.0853194,\\"lng\\":-77.03577609999999}","llOrigen":"{\\"lat\\":-12.119861,\\"lng\\":-77.030207}","origen":"Calle Jos\\u00e9 Olaya, Lima, Lima, Peru","tarifae":"66.81","tarifar":"0","tipo":1,"tipoPago":0}'),
(110, '{"name":null,"telefono":null,"email":null,"direccion":null,"modo":"Correo","password":null,"foto":{}}'),
(111, '{"name":"Erick Cespedez","telefono":"965863236","email":"erickcez@gmail.com","direccion":"av. lima 233","modo":"Correo","password":"1234","foto":{}}'),
(112, '{"nombre_tarjeta":"Cesar Mejia","tarjeta":"Visa","numero":"1111","usuario":"38","codigo":"tkn_test_ySRuJERk3rfBxoHd"}'),
(113, '{"object":"customer","id":"cus_test_ObbFmbryEs657hQF","creation_date":1507741790412,"email":"erickcez@gmail.com","antifraud_details":{"first_name":"Erick","last_name":"Cespedez","address":"av. lima 233","address_city":"lima","country_code":"PE","phone":"965863236","object":"client"},"metadata":{"id":"38"}}'),
(114, '{"nombre_tarjeta":"Cesar Mejia","tarjeta":"Visa","numero":"1111","usuario":"38","codigo":"tkn_test_ySRuJERk3rfBxoHd"}'),
(115, '{"destino":"Lince, Lima Region, Peru","id":25,"idusuario":38,"llDestino":"{\\"lat\\":-12.0853194,\\"lng\\":-77.03577609999999}","llOrigen":"{\\"lat\\":-11.980630424816143,\\"lng\\":-77.0668917150023}","origen":"Huanchay, Lima, Peru","tarifae":"83.48","tarifar":"0","tipo":1,"tipoPago":0}'),
(116, '{"destino":"San Isidro, Lima Region, Peru","id":16,"idusuario":38,"llDestino":"{\\"lat\\":-12.0971829,\\"lng\\":-77.032585}","llOrigen":"{\\"lat\\":-11.980880917992424,\\"lng\\":-77.06674779772484}","origen":"Huanchay, Lima, Peru","tarifae":"89.14","tarifar":"0","tipo":1,"tipoPago":0}'),
(117, '{"name":"Ricardo Prado","telefono":"963258741","email":"rprado@gmail.com","direccion":"av. lince 123","modo":"Correo","password":"1234","foto":{}}'),
(118, '{"name":null,"telefono":null,"email":null,"direccion":null,"modo":"Correo","password":null,"foto":{}}'),
(119, '{"destino":"Lince, Lima Region, Peru","id":16,"idusuario":37,"llDestino":"{\\"lat\\":-12.0853194,\\"lng\\":-77.03577609999999}","llOrigen":"{\\"lat\\":-11.980722039017808,\\"lng\\":-77.06683186821365}","origen":"Avenida Pariahuanca, Lima, Peru","tarifae":"83.38","tarifar":"0","tipo":1,"tipoPago":0}'),
(120, '{"destino":"Lince, Per\\u00fa","id":25,"idusuario":28,"llDestino":"{\\"lat\\":-12.0853194,\\"lng\\":-77.03577609999999}","llOrigen":"{\\"lat\\":-11.9820217,\\"lng\\":-77.0623633}","origen":"Solinse, Las Peras, Independencia 15311, Per\\u00fa","tarifae":"58.53","tarifar":"0","tipo":1,"tipoPago":1}'),
(121, '{"destino":"Lince, Lima Region, Peru","id":16,"idusuario":37,"llDestino":"{\\"lat\\":-12.0853194,\\"lng\\":-77.03577609999999}","llOrigen":"{\\"lat\\":-12.119912397863077,\\"lng\\":-77.03005578047754}","origen":"Calle Jos\\u00e9 Olaya, Lima, Lima, Peru","tarifae":"66.78","tarifar":"0","tipo":1,"tipoPago":0}'),
(122, '{"destino":"Alameda de los Descalzos, Cercado de Lima 15093, Per\\u00fa","id":16,"idusuario":18,"llDestino":"{\\"lat\\":-12.0352508,\\"lng\\":-77.0253927}","llOrigen":"{\\"lat\\":-12.119856,\\"lng\\":-77.0294658}","origen":"Diagonal 176, Miraflores 15074, Per\\u00fa","tarifae":"61.45","tarifar":"0","tipo":1,"tipoPago":1}'),
(123, '{"destino":"Miraflores, Peru","id":16,"idusuario":28,"llDestino":"{\\"lat\\":-12.1317749,\\"lng\\":-76.9665768}","llOrigen":"{\\"lat\\":-11.980697605770063,\\"lng\\":-77.06690143800998}","origen":"Huanchay, Lima, Peru","tarifae":"105.93","tarifar":"0","tipo":1,"tipoPago":0}'),
(124, '{"destino":"Lince, Lima Region, Peru","id":16,"idusuario":28,"llDestino":"{\\"lat\\":-12.0853194,\\"lng\\":-77.03577609999999}","llOrigen":"{\\"lat\\":-11.980712232191097,\\"lng\\":-77.06693060703302}","origen":"Huanchay, Lima, Peru","tarifae":"83.56","tarifar":"0","tipo":1,"tipoPago":0}'),
(125, '{"destino":"Miraflores, Per\\u00fa","id":25,"idusuario":28,"llDestino":"{\\"lat\\":-12.111061999999999,\\"lng\\":-77.0315913}","llOrigen":"{\\"lat\\":-11.9807097,\\"lng\\":-77.0668685}","origen":"Huanchay 4810, Cercado de Lima 15304, Per\\u00fa","tarifae":"63.77","tarifar":"0","tipo":1,"tipoPago":1}'),
(126, '{"destino":"San Isidro, Per\\u00fa","id":25,"idusuario":28,"llDestino":"{\\"lat\\":-12.0971829,\\"lng\\":-77.032585}","llOrigen":"{\\"lat\\":-11.9807433,\\"lng\\":-77.0668783}","origen":"Huanchay 4810, Cercado de Lima 15304, Per\\u00fa","tarifae":"89.27","tarifar":"0","tipo":1,"tipoPago":1}'),
(127, '{"destino":"La Molina, Per\\u00fa","id":25,"idusuario":28,"llDestino":"{\\"lat\\":-12.082019599999999,\\"lng\\":-76.928234}","llOrigen":"{\\"lat\\":-11.9807149,\\"lng\\":-77.0669809}","origen":"Huanchay 4810, Cercado de Lima 15304, Per\\u00fa","tarifae":"103.14","tarifar":"0","tipo":1,"tipoPago":1}'),
(128, '{"destino":"Jes\\u00fas Mar\\u00eda, Per\\u00fa","id":25,"idusuario":28,"llDestino":"{\\"lat\\":-12.0750295,\\"lng\\":-77.0435289}","llOrigen":"{\\"lat\\":-11.9804983,\\"lng\\":-77.0669333}","origen":"Huanchay 4810, Cercado de Lima 15304, Per\\u00fa","tarifae":"80.34","tarifar":"0","tipo":1,"tipoPago":1}'),
(129, '{"destino":"La Punta, Per\\u00fa","id":27,"idusuario":28,"llDestino":"{\\"lat\\":-12.0707779,\\"lng\\":-77.1643337}","llOrigen":"{\\"lat\\":-11.9806633,\\"lng\\":-77.0669483}","origen":"Huanchay 4810, Cercado de Lima 15304, Per\\u00fa","tarifae":"90.36","tarifar":"0","tipo":1,"tipoPago":1}'),
(130, '{"destino":"Distrito de Chorrillos, Per\\u00fa","id":27,"idusuario":28,"llDestino":"{\\"lat\\":-12.1876499,\\"lng\\":-77.00776359999999}","llOrigen":"{\\"lat\\":-11.9807097,\\"lng\\":-77.0668685}","origen":"Huanchay 4810, Cercado de Lima 15304, Per\\u00fa","tarifae":"121.01","tarifar":"0","tipo":1,"tipoPago":1}'),
(131, '{"name":"Ricardo Edelsztein","telefono":"933226512","email":"rifsz@yahoo.com","direccion":"san telmo 115","modo":"Correo","password":"guio1967","foto":{}}'),
(132, '{"name":"Jose Antonio Carrasco","telefono":"987318756","email":"voodoo_jacc@hotmail.com","password":"renataaA75","modo":"Correo","fotosocial":null,"foto":{}}'),
(133, '{"nombre_tarjeta":"Pedro Infante","tarjeta":"Visa","numero":"1111","usuario":"40","codigo":"tkn_test_Hz69S3YyV7NHGFzv"}'),
(134, '{"object":"customer","id":"cus_test_CfTsfPX1oW0qxyLo","creation_date":1508509801376,"email":"rifsz@yahoo.com","antifraud_details":{"first_name":"Ricardo","last_name":"Edelsztein","address":"san telmo 115","address_city":"lima","country_code":"PE","phone":"933226512","object":"client"},"metadata":{"id":"40"}}'),
(135, '{"nombre_tarjeta":"Pedro Infante","tarjeta":"Visa","numero":"1111","usuario":"40","codigo":"tkn_test_Hz69S3YyV7NHGFzv"}'),
(136, '{"name":"Ricardo Edelsztein","telefono":"933226512","email":"redelsz@hotmail.com","direccion":"paul de beaudiez 268 san isidro","modo":"Correo","password":"guio1967","foto":{}}'),
(137, '{"name":"Cesar Alan Cueva Mejia","telefono":"938232863","email":"mgv.cesarmejia@gmail.com","direccion":"Av. Hunchay 4825, Los Olivos","modo":"Correo","password":"locaso266","foto":{}}'),
(138, '{"nombre_tarjeta":"Cesar Mejia","tarjeta":"Visa","numero":"1111","usuario":"42","codigo":"tkn_test_GYVwyN0dUKemn6x1"}'),
(139, '{"object":"customer","id":"cus_test_Kb1WastmDRZXoOFw","creation_date":1508710709169,"email":"mgv.cesarmejia@gmail.com","antifraud_details":{"first_name":"Cesar Alan Cueva","last_name":"Mejia","address":"Av. Hunchay 4825, Los Olivos","address_city":"lima","country_code":"PE","phone":"938232863","object":"client"},"metadata":{"id":"42"}}'),
(140, '{"nombre_tarjeta":"Cesar Mejia","tarjeta":"Visa","numero":"1111","usuario":"42","codigo":"tkn_test_GYVwyN0dUKemn6x1"}'),
(141, '{"nombre_tarjeta":"Cesar Mejia","tarjeta":"Visa","numero":"1111","usuario":"42","codigo":"tkn_test_KefVLAB9nudFfJgE"}'),
(142, '{"nombre_tarjeta":"Cesar Mejia","tarjeta":"Visa","numero":"1111","usuario":"42","codigo":"tkn_test_KefVLAB9nudFfJgE"}'),
(143, '{"nombre_tarjeta":"Ricardo Edelsztein","tarjeta":"Visa","numero":"1111","usuario":"41","codigo":"tkn_test_Tu5NEQl5HRVNJgC7"}'),
(144, '{"object":"customer","id":"cus_test_TT8mKBH5tVm3qhgE","creation_date":1508728258624,"email":"redelsz@hotmail.com","antifraud_details":{"first_name":"Ricardo","last_name":"Edelsztein","address":"paul de beaudiez 268 san isidro","address_city":"lima","country_code":"PE","phone":"933226512","object":"client"},"metadata":{"id":"41"}}'),
(145, '{"nombre_tarjeta":"Ricardo Edelsztein","tarjeta":"Visa","numero":"1111","usuario":"41","codigo":"tkn_test_Tu5NEQl5HRVNJgC7"}'),
(146, '{"foto":{}}'),
(147, '{"destino":"Centro Comercial Jockey Plaza,, Centro Comercial Jockey Plaza, Av. Javier Prado Este 1650, Santiago de Surco 15023, Per\\u00fa","id":27,"idusuario":18,"llDestino":"{\\"lat\\":-12.0994239,\\"lng\\":-76.97006689999999}","llOrigen":"{\\"lat\\":-12.1198232,\\"lng\\":-77.0297798}","origen":"Multicentro Larco, Av Jose Larco 345, Miraflores Lima 18, Per\\u00fa","tarifae":"87.02","tarifar":"0","tipo":1,"tipoPago":1}'),
(148, '{"destino":"Calle Madrid 426, Miraflores 15074, Per\\u00fa","id":27,"idusuario":18,"llDestino":"{\\"lat\\":-12.123205299999999,\\"lng\\":-77.0372132}","llOrigen":"{\\"lat\\":-12.1198777,\\"lng\\":-77.0298113}","origen":"Diagonal 176, Miraflores 15074, Per\\u00fa","tarifae":"66.91","tarifar":"0","tipo":1,"tipoPago":1}'),
(149, '{"nombre_tarjeta":"Ric Red","tarjeta":"Visa","numero":"1111","usuario":"41","codigo":"tkn_test_GZUKTEKExLO1xyQz"}'),
(150, '{"nombre_tarjeta":"Ric Red","tarjeta":"Visa","numero":"1111","usuario":"41","codigo":"tkn_test_GZUKTEKExLO1xyQz"}'),
(151, '{"nombre_tarjeta":"Ric Red","tarjeta":"Visa","numero":"1111","usuario":"41","codigo":"tkn_test_fUNjY74aNYZRrvas"}'),
(152, '{"nombre_tarjeta":"Ric Red","tarjeta":"Visa","numero":"1111","usuario":"41","codigo":"tkn_test_fUNjY74aNYZRrvas"}'),
(153, '{"nombres":"Jose","apellidos":"Chavez","telefono":"999999999","email":"j.carrasco@rocket.pe","password":"renataaA75","fechanac":"19\\/1\\/1975","genero":"Masculino","direccion":"Miraflores","dni":"10264154","licencia":"1111111111","fechacadlic":"18\\/10\\/2017","soat":"3","file1":{}}'),
(154, '{"nombres":"Jose","apellidos":"Chavez","telefono":"999999999","email":"j.carrasco@rocket.pe","password":"renataaA75","fechanac":"19\\/1\\/1975","genero":"Masculino","direccion":"Miraflores","dni":"10264154","licencia":"1111111111","fechacadlic":"18\\/10\\/2017","soat":"3","file1":{}}'),
(155, '{"nombres":"Jose","apellidos":"Chavez","telefono":"999999999","email":"j.carrasco@rocket.pe","password":"renataaA75","fechanac":"19\\/1\\/1975","genero":"Masculino","direccion":"Miraflores","dni":"10264154","licencia":"1111111111","fechacadlic":"18\\/10\\/2017","soat":"3","file1":{}}'),
(156, '{"nombres":"Jose","apellidos":"Chavez","telefono":"999999999","email":"j.carrasco@rocket.pe","password":"renataaA75","fechanac":"19\\/1\\/1975","genero":"Masculino","direccion":"Miraflores","dni":"10264154","licencia":"1111111111","fechacadlic":"18\\/10\\/2017","soat":"3","file1":{}}'),
(157, '{"nombres":"Jose","apellidos":"Chavez","telefono":"999999999","email":"j.carrasco@rocket.pe","password":"renataaA75","fechanac":"19\\/1\\/1975","genero":"Masculino","direccion":"Miraflores","dni":"10264154","licencia":"1111111111","fechacadlic":"18\\/10\\/2017","soat":"3","file1":{}}'),
(158, '{"nombres":"Jose","apellidos":"Chavez","telefono":"999999999","email":"j.carrasco@rocket.pe","password":"renataaA75","fechanac":"19\\/1\\/1975","genero":"Masculino","direccion":"Miraflores","dni":"10264154","licencia":"1111111111","fechacadlic":"18\\/10\\/2017","soat":"3","file1":{}}'),
(159, '{"nombres":"Juan","apellidos":"Perez Seras","telefono":"991685333","email":"rio@yahoo.com","password":"chofer1","fechanac":"23\\/10\\/1972","genero":"Masculino","direccion":"ghgjhj qww","dni":"058978088","licencia":"Q1235677","fechacadlic":"23\\/10\\/2021","soat":"3","file1":{}}'),
(160, '{"destino":"Av. Prolongacion Iquitos 2615, Lince 15046, Per\\u00fa","id":44,"idusuario":18,"llDestino":"{\\"lat\\":-12.0893489,\\"lng\\":-77.02914}","llOrigen":"{\\"lat\\":-12.1200125,\\"lng\\":-77.0299111}","origen":"Diagonal 176, Miraflores 15074, Per\\u00fa","tarifae":"93.85","tarifar":"0","tipo":1,"tipoPago":1}'),
(161, '{"destino":"Centro Comercial Jockey Plaza,, Centro Comercial Jockey Plaza, Av. Javier Prado Este 1650, Santiago de Surco 15023, Per\\u00fa","id":44,"idusuario":18,"llDestino":"{\\"lat\\":-12.0994239,\\"lng\\":-76.97006689999999}","llOrigen":"{\\"lat\\":-12.1199461,\\"lng\\":-77.0297486}","origen":"Diagonal 176, Miraflores 15074, Per\\u00fa","tarifae":"93.85","tarifar":"0","tipo":1,"tipoPago":1}'),
(162, '{"destino":"Centro Comercial Jockey Plaza,, Centro Comercial Jockey Plaza, Av. Javier Prado Este 1650, Santiago de Surco 15023, Per\\u00fa","id":44,"idusuario":18,"llDestino":"{\\"lat\\":-12.0994239,\\"lng\\":-76.97006689999999}","llOrigen":"{\\"lat\\":-12.1209071,\\"lng\\":-77.0287509}","origen":"Multicentro Larco, Av Jose Larco 345, Miraflores Lima 18, Per\\u00fa","tarifae":"87.02","tarifar":"0","tipo":1,"tipoPago":1}'),
(163, '{"destino":"Av. Javier Prado Este 2050, San Borja 15036, Per\\u00fa","id":27,"idusuario":18,"llDestino":"{\\"lat\\":-12.088652200000002,\\"lng\\":-77.00471859999999}","llOrigen":"{\\"lat\\":-12.1198613,\\"lng\\":-77.0294942}","origen":"Diagonal 176, Miraflores 15074, Per\\u00fa","tarifae":"85.39","tarifar":"0","tipo":1,"tipoPago":1}'),
(164, '{"destino":"Centro Comercial Jockey Plaza,, Centro Comercial Jockey Plaza, Av. Javier Prado Este 1650, Santiago de Surco 15023, Per\\u00fa","id":44,"idusuario":18,"llDestino":"{\\"lat\\":-12.0994239,\\"lng\\":-76.97006689999999}","llOrigen":"{\\"lat\\":-12.1200247,\\"lng\\":-77.0295366}","origen":"Diagonal 176, Miraflores 15074, Per\\u00fa","tarifae":"93.85","tarifar":"0","tipo":1,"tipoPago":1}'),
(165, '{"destino":"Jes\\u00fas Mar\\u00eda, Per\\u00fa","id":44,"idusuario":18,"llDestino":"{\\"lat\\":-12.0750295,\\"lng\\":-77.0435289}","llOrigen":"{\\"lat\\":-12.1198274,\\"lng\\":-77.0295616}","origen":"Diagonal 176, Miraflores 15074, Per\\u00fa","tarifae":"94.68","tarifar":"0","tipo":1,"tipoPago":1}'),
(166, '{"destino":"Jr. Talara, Pucallpa 15093, Per\\u00fa","id":44,"idusuario":18,"llDestino":"{\\"lat\\":-8.3697511,\\"lng\\":-74.5412308}","llOrigen":"{\\"lat\\":-12.1198274,\\"lng\\":-77.0295616}","origen":"Diagonal 176, Miraflores 15074, Per\\u00fa","tarifae":"94.68","tarifar":"0","tipo":1,"tipoPago":1}'),
(167, '{"destino":"Jockey Plaza, Avenida Javier Prado Este, Santiago de Surco, Peru","id":44,"idusuario":41,"llDestino":"{\\"lat\\":-12.0853659,\\"lng\\":-76.9788883}","llOrigen":"{\\"lat\\":-12.119812703547685,\\"lng\\":-77.02982802092396}","origen":"Diagonal, Lima, Lima, Peru","tarifae":"92.60","tarifar":"0","tipo":1,"tipoPago":0}'),
(168, '{"destino":"Miraflores, Peru","id":27,"idusuario":28,"llDestino":"{\\"lat\\":-12.1317749,\\"lng\\":-76.9665768}","llOrigen":"{\\"lat\\":-11.978686,\\"lng\\":-77.067927}","origen":"Cajacay, Lima, Peru","tarifae":"147.04","tarifar":"0","tipo":1,"tipoPago":0}'),
(169, '{"destino":"Miraflores, Peru","id":27,"idusuario":28,"llDestino":"{\\"lat\\":-12.1317749,\\"lng\\":-76.9665768}","llOrigen":"{\\"lat\\":-11.978686,\\"lng\\":-77.067927}","origen":"Cajacay, Lima, Peru","tarifae":"147.04","tarifar":"0","tipo":1,"tipoPago":0}'),
(170, '{"llorigen":"{\\"lat\\":-12.1317749,\\"lng\\":-76.9665768}","origen":"Cajacay, Lima, Peru","lldestino":"{\\"lat\\":-11.978686,\\"lng\\":-77.067927}","destino":"Miraflores, Peru","tipo":"1","id":"27","idusuario":"28","tarifae":"147.00","tarifar":"0","tipoPago":"0"}'),
(171, '{"llOrigen":"{\\"lat\\":-12.1317749,\\"lng\\":-76.9665768}","origen":"Cajacay, Lima, Peru","llDestino":"{\\"lat\\":-11.978686,\\"lng\\":-77.067927}","destino":"Miraflores, Peru","tipo":"1","id":"27","idusuario":"28","tarifae":"147.00","tarifar":"0","tipoPago":"0"}'),
(172, '{"destino":"Miraflores, Peru","id":27,"idusuario":28,"llDestino":"{\\"lat\\":-12.1317749,\\"lng\\":-76.9665768}","llOrigen":"{\\"lat\\":-11.978686,\\"lng\\":-77.067927}","origen":"Cajacay, Lima, Peru","tarifae":"147.04","tarifar":"0","tipo":1,"tipoPago":0}'),
(173, '{"llOrigen":"{\\"lat\\":-12.1317749,\\"lng\\":-76.9665768}","origen":"Cajacay, Lima, Peru","llDestino":"{\\"lat\\":-11.978686,\\"lng\\":-77.067927}","destino":"Miraflores, Peru","tipo":"1","id":"27","idusuario":"28","tarifae":"147.00","tarifar":"0","tipoPago":"0"}'),
(174, '{"destino":"Miraflores, Peru","id":27,"idusuario":28,"llDestino":"{\\"lat\\":-12.1317749,\\"lng\\":-76.9665768}","llOrigen":"{\\"lat\\":-11.978686,\\"lng\\":-77.067927}","origen":"Cajacay, Lima, Peru","tarifae":"147.04","tarifar":"0","tipo":1,"tipoPago":0}'),
(175, '{"llOrigen":"{\\"lat\\":-12.1317749,\\"lng\\":-76.9665768}","origen":"Cajacay, Lima, Peru","llDestino":"{\\"lat\\":-11.978686,\\"lng\\":-77.067927}","destino":"Miraflores, Peru","tipo":"1","id":"27","idusuario":"28","tarifae":"147.00","tarifar":"0","tipoPago":"0"}'),
(176, '{"llOrigen":"{\\"lat\\":-12.1317749,\\"lng\\":-76.9665768}","origen":"Cajacay, Lima, Peru","llDestino":"{\\"lat\\":-11.978686,\\"lng\\":-77.067927}","destino":"Miraflores, Peru","tipo":"1","id":"27","idusuario":"28","tarifae":"147.00","tarifar":"0","tipoPago":"0"}'),
(177, '{"destino":"Miraflores, Peru","id":27,"idusuario":28,"llDestino":"{\\"lat\\":-12.1317749,\\"lng\\":-76.9665768}","llOrigen":"{\\"lat\\":-11.978686,\\"lng\\":-77.067927}","origen":"Cajacay, Lima, Peru","tarifae":"147.04","tarifar":"0","tipo":1,"tipoPago":0}'),
(178, '{"destino":"Miraflores District, Arequipa, Peru","id":27,"idusuario":28,"llDestino":"{\\"lat\\":-12.1085324,\\"lng\\":-77.03040399999999}","llOrigen":"{\\"lat\\":-11.978686,\\"lng\\":-77.067927}","origen":"Cajacay, Lima, Peru","tarifae":"121.40","tarifar":"0","tipo":1,"tipoPago":0}'),
(179, '156'),
(180, '153'),
(181, '153'),
(182, '151 - 3'),
(183, '{"destino":"Miraflores, Peru","id":27,"idusuario":28,"llDestino":"{\\"lat\\":-12.1317749,\\"lng\\":-76.9665768}","llOrigen":"{\\"lat\\":-11.978686,\\"lng\\":-77.067927}","origen":"Cajacay, Lima, Peru","tarifae":"147.04","tarifar":"0","tipo":1,"tipoPago":0}'),
(184, '152 - 5'),
(185, '152 - 2'),
(186, '152 - 3'),
(187, '{"destino":"Miraflores, Peru","id":27,"idusuario":28,"llDestino":"{\\"lat\\":-12.1317749,\\"lng\\":-76.9665768}","llOrigen":"{\\"lat\\":-11.978686,\\"lng\\":-77.067927}","origen":"Cajacay, Lima, Peru","tarifae":"147.04","tarifar":"0","tipo":1,"tipoPago":0}'),
(188, '153 - 5'),
(189, '153 - 2'),
(190, '153 - 2'),
(191, '153 - 3'),
(192, '{"destino":"Miraflores, Peru","id":27,"idusuario":28,"llDestino":"{\\"lat\\":-12.1317749,\\"lng\\":-76.9665768}","llOrigen":"{\\"lat\\":-11.978686,\\"lng\\":-77.067927}","origen":"Cajacay, Lima, Peru","tarifae":"147.04","tarifar":"0","tipo":1,"tipoPago":0}'),
(193, '154 - 5'),
(194, '154 - 2'),
(195, '154 - 2'),
(196, '154 - 3'),
(197, '{"cupon_id":0,"cupon_monto":0,"destino":"Alisos Gimnasio, Los Alisos, Independencia, Peru","id":27,"idusuario":28,"llDestino":"{\\"lat\\":-12.0073452,\\"lng\\":-77.0501342}","llOrigen":"{\\"lat\\":-11.978686,\\"lng\\":-77.067927}","origen":"Cajacay, Lima, Peru","tarifae":"81.17","tarifar":"0","tipo":1,"tipoPago":0}'),
(198, '155 - 5'),
(199, '155 - 2'),
(200, '155 - 3'),
(201, '{"cupon_id":0,"cupon_monto":0,"destino":"Alisos Gimnasio, Los Alisos, Independencia, Peru","id":27,"idusuario":28,"llDestino":"{\\"lat\\":-12.0073452,\\"lng\\":-77.0501342}","llOrigen":"{\\"lat\\":-11.978686,\\"lng\\":-77.067927}","origen":"Cajacay, Lima, Peru","tarifae":"81.17","tarifar":"0","tipo":1,"tipoPago":0}'),
(202, '156 - 5'),
(203, '156 - 2'),
(204, '156 - 3'),
(205, '{"cupon_id":0,"cupon_monto":0,"destino":"Registro Civil - Lince, Jir\\u00f3n Joaqu\\u00edn Bernal, Lima District, Peru","id":27,"idusuario":28,"llDestino":"{\\"lat\\":-12.046374,\\"lng\\":-77.0427934}","llOrigen":"{\\"lat\\":-11.978686,\\"lng\\":-77.067927}","origen":"Cajacay, Lima, Peru","tarifae":"91.52","tarifar":"0","tipo":1,"tipoPago":0}'),
(206, '157 - 5'),
(207, '157 - 2'),
(208, '157 - 3'),
(209, '{"cupon_id":0,"cupon_monto":0,"destino":"Alisos 772, Lima District, Lima Region, Peru","id":27,"idusuario":28,"llDestino":"{\\"lat\\":-11.9836297,\\"lng\\":-77.0715862}","llOrigen":"{\\"lat\\":-11.978686,\\"lng\\":-77.067927}","origen":"Cajacay, Lima, Peru","tarifae":"66.07","tarifar":"0","tipo":1,"tipoPago":0}'),
(210, '158 - 5'),
(211, '158 - 2'),
(212, '158 - 3'),
(213, '{"cupon_id":0,"cupon_monto":0,"destino":"Mia Club, Jir\\u00f3n Monterrey, Santiago de Surco, Peru","id":27,"idusuario":28,"llDestino":"{\\"lat\\":-12.046374,\\"lng\\":-77.0427934}","llOrigen":"{\\"lat\\":-11.978686,\\"lng\\":-77.067927}","origen":"Cajacay, Lima, Peru","tarifae":"91.52","tarifar":"0","tipo":1,"tipoPago":0}'),
(214, '159 - 5'),
(215, '159 - 2'),
(216, '159 - 3'),
(217, '{"cupon_id":0,"cupon_monto":19.82185,"destino":"Alisos 772, Lima District, Lima Region, Peru","id":27,"idusuario":28,"llDestino":"{\\"lat\\":-11.9836297,\\"lng\\":-77.0715862}","llOrigen":"{\\"lat\\":-11.978686,\\"lng\\":-77.067927}","origen":"Cajacay, Lima, Peru","tarifae":"66.07","tarifar":"0","tipo":1,"tipoPago":0}'),
(218, '160 - 5'),
(219, '160 - 2'),
(220, '160 - 3'),
(221, '{"cupon_id":5,"cupon_monto":22.6281,"destino":"Municipalidad de los Olivos, Avenida Carlos Izaguirre, Los Olivos, Peru","id":27,"idusuario":28,"llDestino":"{\\"lat\\":-11.9594023,\\"lng\\":-77.0760457}","llOrigen":"{\\"lat\\":-11.978686,\\"lng\\":-77.067927}","origen":"Cajacay, Lima, Peru","tarifae":"75.43","tarifar":"0","tipo":1,"tipoPago":0}'),
(222, '{"cupon_id":5,"cupon_monto":22.9511,"destino":"MegaPlaza, Alfredo Mendiola, Independencia, Peru","id":27,"idusuario":28,"llDestino":"{\\"lat\\":-11.9961139,\\"lng\\":-77.062422}","llOrigen":"{\\"lat\\":-11.978686,\\"lng\\":-77.067927}","origen":"Cajacay, Lima, Peru","tarifae":"76.50","tarifar":"0","tipo":1,"tipoPago":0}'),
(223, '{"cupon_id":5,"cupon_monto":22.6281,"destino":"Centro M\\u00e9dico Alisos, Los Olivos, Lima Region, Peru","id":27,"idusuario":28,"llDestino":"{\\"lat\\":-11.9594023,\\"lng\\":-77.0760457}","llOrigen":"{\\"lat\\":-11.978686,\\"lng\\":-77.067927}","origen":"Cajacay, Lima, Peru","tarifae":"75.43","tarifar":"0","tipo":1,"tipoPago":0}'),
(224, '163 - 5'),
(225, '163 - 2'),
(226, '163 - 3'),
(227, '{"cupon_id":0,"cupon_monto":0,"destino":"Cargo Express destination S.A.C., La Victoria, Peru","id":27,"idusuario":28,"llDestino":"{\\"lat\\":-12.046374,\\"lng\\":-77.0427934}","llOrigen":"{\\"lat\\":-11.978686,\\"lng\\":-77.067927}","origen":"Cajacay, Lima, Peru","tarifae":"91.52","tarifar":"0","tipo":1,"tipoPago":0}'),
(228, '163 - 4'),
(229, '164 - 4'),
(230, '163 - 4'),
(231, '164 - 4'),
(232, '163 - 4'),
(233, '164 - 4'),
(234, '163 - 4'),
(235, '164 - 4'),
(236, '163 - 4'),
(237, '164 - 4'),
(238, '163 - 4'),
(239, '164 - 4'),
(240, '164 - 4'),
(241, '163 - 4'),
(242, '163 - 4'),
(243, '164 - 4'),
(244, '163 - 4'),
(245, '164 - 4'),
(246, '163 - 4'),
(247, '164 - 4'),
(248, '163 - 4'),
(249, '164 - 4'),
(250, '163 - 4'),
(251, '164 - 4'),
(252, '163 - 4'),
(253, '164 - 4'),
(254, '163 - 4'),
(255, '164 - 4'),
(256, '163 - 4'),
(257, '164 - 4'),
(258, '163 - 4'),
(259, '164 - 4'),
(260, '163 - 4'),
(261, '164 - 4'),
(262, '163 - 4'),
(263, '164 - 4'),
(264, '163 - 4'),
(265, '164 - 4'),
(266, '163 - 4'),
(267, '164 - 4'),
(268, '163 - 4'),
(269, '164 - 4'),
(270, '163 - 4'),
(271, '164 - 4'),
(272, '{"cupon_id":0,"cupon_monto":0,"destino":"Lince, Lima Region, Peru","id":27,"idusuario":28,"llDestino":"{\\"lat\\":-12.0853194,\\"lng\\":-77.03577609999999}","llOrigen":"{\\"lat\\":-11.978686,\\"lng\\":-77.067927}","origen":"Cajacay, Lima, Peru","tarifae":"112.66","tarifar":"0","tipo":1,"tipoPago":0}'),
(273, '{"cupon_id":0,"cupon_monto":0,"destino":"Lince, Lima Region, Peru","id":27,"idusuario":28,"llDestino":"{\\"lat\\":-12.0853194,\\"lng\\":-77.03577609999999}","llOrigen":"{\\"lat\\":-11.978686,\\"lng\\":-77.067927}","origen":"Cajacay, Lima, Peru","tarifae":"112.66","tarifar":"0","tipo":1,"tipoPago":0}'),
(274, '166 - 5'),
(275, '166 - 2'),
(276, '166 - 3'),
(277, '{"cupon_id":0,"cupon_monto":0,"destino":"Miraflores, Peru","id":27,"idusuario":28,"llDestino":"{\\"lat\\":-12.1317749,\\"lng\\":-76.9665768}","llOrigen":"{\\"lat\\":-11.978686,\\"lng\\":-77.067927}","origen":"Cajacay, Lima, Peru","tarifae":"147.04","tarifar":"0","tipo":1,"tipoPago":0}'),
(278, '167 - 4'),
(279, '167 - 4'),
(280, '167 - 4'),
(281, '167 - 4'),
(282, '167 - 4'),
(283, '167 - 4'),
(284, '167 - 4'),
(285, '167 - 4'),
(286, '{"cupon_id":0,"cupon_monto":0,"destino":"Miraflores, Peru","id":27,"idusuario":28,"llDestino":"{\\"lat\\":-12.1317749,\\"lng\\":-76.9665768}","llOrigen":"{\\"lat\\":-11.978686,\\"lng\\":-77.067927}","origen":"Cajacay, Lima, Peru","tarifae":"147.04","tarifar":"0","tipo":1,"tipoPago":0}'),
(287, '168 - 4'),
(288, '168 - 4'),
(289, '168 - 4'),
(290, '168 - 4'),
(291, '168 - 4'),
(292, '168 - 4'),
(293, '168 - 4'),
(294, '{"cupon_id":0,"cupon_monto":0,"destino":"Lince, Lima Region, Peru","id":27,"idusuario":28,"llDestino":"{\\"lat\\":-12.0853194,\\"lng\\":-77.03577609999999}","llOrigen":"{\\"lat\\":-11.978686,\\"lng\\":-77.067927}","origen":"Cajacay, Lima, Peru","tarifae":"112.66","tarifar":"0","tipo":1,"tipoPago":0}'),
(295, '169 - 4'),
(296, '{"cupon_id":0,"cupon_monto":0,"destino":"Lince, Lima Region, Peru","id":27,"idusuario":28,"llDestino":"{\\"lat\\":-12.0853194,\\"lng\\":-77.03577609999999}","llOrigen":"{\\"lat\\":-11.978686,\\"lng\\":-77.067927}","origen":"Cajacay, Lima, Peru","tarifae":"112.66","tarifar":"0","tipo":1,"tipoPago":0}'),
(297, '170 - 4'),
(298, '170 - 4'),
(299, '170 - 4'),
(300, '170 - 4'),
(301, '170 - 4'),
(302, '170 - 4'),
(303, '{"cupon_id":0,"cupon_monto":0,"destino":"Lince, Lima Region, Peru","id":27,"idusuario":28,"llDestino":"{\\"lat\\":-12.0853194,\\"lng\\":-77.03577609999999}","llOrigen":"{\\"lat\\":-11.978686,\\"lng\\":-77.067927}","origen":"Cajacay, Lima, Peru","tarifae":"112.66","tarifar":"0","tipo":1,"tipoPago":0}'),
(304, '171 - 4'),
(305, '171 - 4'),
(306, '171 - 4'),
(307, '171 - 4'),
(308, '{"cupon_id":0,"cupon_monto":0,"destino":"Registro Civil - Lince, Jir\\u00f3n Joaqu\\u00edn Bernal, Lima District, Peru","id":27,"idusuario":28,"llDestino":"{\\"lat\\":-12.046374,\\"lng\\":-77.0427934}","llOrigen":"{\\"lat\\":-11.978686,\\"lng\\":-77.067927}","origen":"Cajacay, Lima, Peru","tarifae":"91.52","tarifar":"0","tipo":1,"tipoPago":0}'),
(309, '172 - 4'),
(310, '172 - 4'),
(311, '172 - 4'),
(312, '172 - 4'),
(313, '{"cupon_id":5,"cupon_monto":24.3517,"destino":"Alisos Gimnasio, Los Alisos, Independencia, Peru","id":27,"idusuario":28,"llDestino":"{\\"lat\\":-12.0073452,\\"lng\\":-77.0501342}","llOrigen":"{\\"lat\\":-11.978686,\\"lng\\":-77.067927}","origen":"Cajacay, Lima, Peru","tarifae":"81.17","tarifar":"0","tipo":1,"tipoPago":0}'),
(314, '173 - 4'),
(315, '{"cupon_id":0,"cupon_monto":0,"destino":"Registro Civil - Lince, Jir\\u00f3n Joaqu\\u00edn Bernal, Lima District, Peru","id":27,"idusuario":28,"llDestino":"{\\"lat\\":-12.046374,\\"lng\\":-77.0427934}","llOrigen":"{\\"lat\\":-11.978686,\\"lng\\":-77.067927}","origen":"Cajacay, Lima, Peru","tarifae":"91.52","tarifar":"0","tipo":1,"tipoPago":0}'),
(316, '174 - 4'),
(317, '{"cupon_id":0,"cupon_monto":0,"destino":"Miraflores District, Arequipa, Peru","id":27,"idusuario":28,"llDestino":"{\\"lat\\":-12.1085324,\\"lng\\":-77.03040399999999}","llOrigen":"{\\"lat\\":-11.978686,\\"lng\\":-77.067927}","origen":"Cajacay, Lima, Peru","tarifae":"121.40","tarifar":"0","tipo":1,"tipoPago":0}'),
(318, '175 - 4'),
(319, '{"nombres":"Yocenp","apellidos":"Peru","telefono":"938232863","email":"yocenpperu@gmail.com","password":"12345","fechanac":"20\\/3\\/1996","genero":"Masculino","direccion":"av. miraflores 233","dni":"75953506","licencia":"T75953506","fechacadlic":"24\\/1\\/2018","soat":"3","file1":{}}'),
(320, '{"name":"Taxi Ganga","telefono":"632541897","email":"taxiganga@test.com","password":"1234","modo":"Correo","fotosocial":null,"foto":{}}'),
(321, '{"nombre_tarjeta":"CESAR MEJIA","tarjeta":"Visa","numero":"4111","usuario":"46","codigo":"tkn_test_X8bWnwkDpP0TJndn"}'),
(322, '{"object":"customer","id":"cus_test_oux2pqThxJKECga2","creation_date":1509212990840,"email":"taxiganga@test.com","antifraud_details":{"first_name":"Taxi","last_name":"Ganga","address":"huanchay 4829, lima","address_city":"lima","country_code":"PE","phone":"632541897","object":"client"},"metadata":{"id":"46"}}'),
(323, '{"nombre_tarjeta":"CESAR MEJIA","tarjeta":"Visa","numero":"4111","usuario":"46","codigo":"tkn_test_X8bWnwkDpP0TJndn"}'),
(324, '{"nombre_tarjeta":"CESAR MEJIA","tarjeta":"Diners Club","numero":"1210","usuario":"46","codigo":"tkn_test_YqmO5YxibAxBv9Cg"}'),
(325, '{"nombre_tarjeta":"CESAR MEJIA","tarjeta":"Diners Club","numero":"1210","usuario":"46","codigo":"tkn_test_YqmO5YxibAxBv9Cg"}'),
(326, '{"name":"Cesar Mejia","telefono":"985632142","email":"cacmejia@hotmail.com","direccion":"Av. Juan hay 345","modo":"Correo","password":"1234","foto":{}}'),
(327, '{"cupon_id":0,"cupon_monto":0.0026666666666557,"destino":"Miraflores, Peru","id":45,"idusuario":46,"llDestino":"{\\"lat\\":-12.111062,\\"lng\\":-77.0315913}","llOrigen":"{\\"lat\\":-11.9836027,\\"lng\\":-77.0722199}","origen":"Avenida Las Palmeras 4308","tarifae":"120.73","tarifar":"0","tipo":1,"tipoPago":1}'),
(328, '176 - 4'),
(329, '176 - 4'),
(330, '176 - 4'),
(331, '176 - 4'),
(332, '176 - 4'),
(333, '176 - 4'),
(334, '176 - 4'),
(335, '176 - 4'),
(336, '176 - 4'),
(337, '{"cupon_id":0,"cupon_monto":0.0036666666666747,"destino":"Lince, Peru","id":45,"idusuario":46,"llDestino":"{\\"lat\\":-12.0853194,\\"lng\\":-77.0357761}","llOrigen":"{\\"lat\\":-11.9836027,\\"lng\\":-77.0722199}","origen":"Avenida Las Palmeras 4308","tarifae":"110.68","tarifar":"0","tipo":1,"tipoPago":1}'),
(338, '177 - 4'),
(339, '177 - 4'),
(340, '177 - 4'),
(341, '177 - 4'),
(342, '177 - 4'),
(343, '177 - 4'),
(344, '177 - 4'),
(345, '177 - 4'),
(346, '{"cupon_id":0,"cupon_monto":0.0036666666666747,"destino":"Lince, Peru","id":45,"idusuario":46,"llDestino":"{\\"lat\\":-12.0853194,\\"lng\\":-77.0357761}","llOrigen":"{\\"lat\\":-11.9836027,\\"lng\\":-77.0722199}","origen":"Avenida Las Palmeras 4308","tarifae":"110.68","tarifar":"0","tipo":1,"tipoPago":1}'),
(347, '178 - 4');
INSERT INTO `log` (`id`, `detalle`) VALUES
(348, '{"cupon_id":0,"cupon_monto":0.0026666666666557,"destino":"Miraflores, Peru","id":45,"idusuario":46,"llDestino":"{\\"lat\\":-12.111062,\\"lng\\":-77.0315913}","llOrigen":"{\\"lat\\":-11.9834277,\\"lng\\":-77.0723199}","origen":"Avenida Las Palmeras 4308","tarifae":"120.73","tarifar":"0","tipo":1,"tipoPago":1}'),
(349, '179 - 4'),
(350, '179 - 4'),
(351, '{"cupon_id":0,"cupon_monto":0.0026666666666557,"destino":"Miraflores, Peru","id":27,"idusuario":46,"llDestino":"{\\"lat\\":-12.111062,\\"lng\\":-77.0315913}","llOrigen":"{\\"lat\\":-11.9834277,\\"lng\\":-77.0723199}","origen":"Avenida Las Palmeras 4308","tarifae":"120.73","tarifar":"0","tipo":1,"tipoPago":1}'),
(352, '180 - 4'),
(353, '180 - 4'),
(354, '{"cupon_id":0,"cupon_monto":0.0026666666666557,"destino":"Miraflores, Peru","id":27,"idusuario":46,"llDestino":"{\\"lat\\":-12.111062,\\"lng\\":-77.0315913}","llOrigen":"{\\"lat\\":-11.9836027,\\"lng\\":-77.0722199}","origen":"Avenida Las Palmeras 4308","tarifae":"120.73","tarifar":"0","tipo":1,"tipoPago":1}'),
(355, '181 - 4'),
(356, '181 - 4'),
(357, '181 - 4'),
(358, '181 - 4'),
(359, '181 - 4'),
(360, '181 - 4'),
(361, '{"cupon_id":0,"cupon_monto":0.0026666666666557,"destino":"Miraflores, Peru","id":27,"idusuario":46,"llDestino":"{\\"lat\\":-12.111062,\\"lng\\":-77.0315913}","llOrigen":"{\\"lat\\":-11.9836027,\\"lng\\":-77.0722199}","origen":"Avenida Las Palmeras 4308","tarifae":"120.73","tarifar":"0","tipo":1,"tipoPago":1}'),
(362, '181 - 4'),
(363, '182 - 4'),
(364, '182 - 4');

-- --------------------------------------------------------

--
-- Estructura de tabla para la tabla `payment_types`
--

CREATE TABLE IF NOT EXISTS `payment_types` (
  `id` int(11) NOT NULL,
  `type` varchar(25) NOT NULL
) ENGINE=InnoDB DEFAULT CHARSET=utf8;

-- --------------------------------------------------------

--
-- Estructura de tabla para la tabla `permissions`
--

CREATE TABLE IF NOT EXISTS `permissions` (
  `id` int(10) unsigned NOT NULL AUTO_INCREMENT,
  `name` varchar(191) COLLATE utf8mb4_unicode_ci NOT NULL,
  `display_name` varchar(191) COLLATE utf8mb4_unicode_ci DEFAULT NULL,
  `description` varchar(191) COLLATE utf8mb4_unicode_ci DEFAULT NULL,
  `created_at` timestamp NULL DEFAULT NULL,
  `updated_at` timestamp NULL DEFAULT NULL,
  PRIMARY KEY (`id`)
) ENGINE=InnoDB  DEFAULT CHARSET=utf8mb4 COLLATE=utf8mb4_unicode_ci AUTO_INCREMENT=15 ;

--
-- Volcado de datos para la tabla `permissions`
--

INSERT INTO `permissions` (`id`, `name`, `display_name`, `description`, `created_at`, `updated_at`) VALUES
(1, 'user_all', 'Administrar usuarios', NULL, '2016-12-03 19:31:00', '2016-12-03 19:31:00'),
(2, 'admin_curso_all', 'Administrar publicaciones', NULL, '2016-12-03 19:31:19', '2016-12-03 19:31:19'),
(3, 'timing_all', 'Administrar premios', NULL, '2016-12-03 19:32:04', '2016-12-03 19:32:04'),
(4, 'config_all', 'Configuración del sistema', NULL, '2016-12-03 19:32:31', '2016-12-03 19:32:31'),
(5, 'noti_all', 'Recibir notificaciones', NULL, '2016-12-13 05:53:44', '2016-12-13 05:53:44'),
(6, 'comp_all', 'Administrar comentarios', NULL, '2017-03-06 04:14:51', '2017-03-06 04:14:51'),
(7, 'vent_all', 'Administrar reportados', NULL, '2017-03-06 04:15:14', '2017-03-06 04:15:14'),
(8, 'empresa_all', 'Configurar empresa', NULL, '2017-03-06 04:16:00', '2017-03-06 04:16:00'),
(10, 'rep_emp_all', 'Reportes', NULL, '2017-03-06 04:17:33', '2017-03-06 04:17:33'),
(11, 'rep_cv_all', 'Configuraciones', NULL, '2017-03-06 04:18:08', '2017-03-06 04:18:08'),
(12, 'rep_prod_all', 'Administrar', NULL, '2017-03-06 04:19:00', '2017-03-06 04:19:00'),
(13, 'admin_rubroscat_all', 'Gestión de usuarios de sistema', NULL, '2017-04-11 06:02:38', '2017-04-11 06:02:41'),
(14, 'admin_profesores_all', 'Gestionar entrega de premios', NULL, '2017-04-12 17:12:24', '2017-04-12 17:12:26');

-- --------------------------------------------------------

--
-- Estructura de tabla para la tabla `permission_role`
--

CREATE TABLE IF NOT EXISTS `permission_role` (
  `permission_id` int(10) unsigned NOT NULL,
  `role_id` int(10) unsigned NOT NULL
) ENGINE=InnoDB DEFAULT CHARSET=utf8 COLLATE=utf8_unicode_ci;

--
-- Volcado de datos para la tabla `permission_role`
--

INSERT INTO `permission_role` (`permission_id`, `role_id`) VALUES
(1, 1),
(2, 1),
(3, 1),
(4, 1),
(5, 1),
(6, 1),
(7, 1),
(8, 1),
(10, 1),
(11, 1),
(12, 1),
(13, 1),
(14, 1),
(1, 3),
(2, 3),
(3, 3),
(6, 3),
(10, 4);

-- --------------------------------------------------------

--
-- Estructura de tabla para la tabla `points`
--

CREATE TABLE IF NOT EXISTS `points` (
  `id` int(11) NOT NULL AUTO_INCREMENT,
  `address` varchar(256) NOT NULL,
  `name` varchar(45) NOT NULL,
  PRIMARY KEY (`id`)
) ENGINE=InnoDB  DEFAULT CHARSET=utf8 AUTO_INCREMENT=419 ;

--
-- Volcado de datos para la tabla `points`
--

INSERT INTO `points` (`id`, `address`, `name`) VALUES
(1, '{"lat":-11.9779478,"lng":-77.0689567}', 'Avenida Naranjal 506'),
(2, '{"lat":-12.0853194,"lng":-77.0357761}', 'Lince, Peru'),
(3, '{"lat":-11.9779478,"lng":-77.0689567}', 'Avenida Naranjal 506'),
(4, '{"lat":-11.9386946,"lng":-76.6994481}', 'Chucuito 307, Lurigancho, Peru'),
(5, '{"lat":-11.9779478,"lng":-77.0689567}', 'Avenida Naranjal 506'),
(6, '{"lat":-12.0853194,"lng":-77.0357761}', 'Lince, Peru'),
(7, '{"lat":-11.9779478,"lng":-77.0689567}', 'Avenida Naranjal 506'),
(8, '{"lat":-12.0853194,"lng":-77.0357761}', 'Lince, Peru'),
(9, '{"lat":-11.9779478,"lng":-77.0689567}', 'Avenida Naranjal 506'),
(10, '{"lat":-12.0853194,"lng":-77.0357761}', 'Lince, Peru'),
(11, '{"lat":-11.9779478,"lng":-77.0689567}', 'Avenida Naranjal 506'),
(12, '{"lat":-11.983964,"lng":-77.0633089}', 'Los Alisos 415, Independencia 15311, Peru'),
(13, '{"lat":-11.9721776,"lng":-77.0679552}', 'Jr. Rio Ucayali 5433'),
(14, '{"lat":-12.0853194,"lng":-77.0357761}', 'Lince, Peru'),
(15, '{"lat":-11.9721776,"lng":-77.0679552}', 'Jr. Rio Ucayali 5433'),
(16, '{"lat":-12.0853194,"lng":-77.0357761}', 'Lince, Peru'),
(17, '{"lat":-11.9721776,"lng":-77.0679552}', 'Jr. Rio Ucayali 5433'),
(18, '{"lat":-12.0853194,"lng":-77.0357761}', 'Lince, Peru'),
(19, '{"lat":-11.9721776,"lng":-77.0679552}', 'Jr. Rio Ucayali 5433'),
(20, '{"lat":-12.0853194,"lng":-77.0357761}', 'Lince, Peru'),
(21, '{"lat":-11.9721776,"lng":-77.0679552}', 'Jr. Rio Ucayali 5433'),
(22, '{"lat":-11.983964,"lng":-77.0633089}', 'Los Alisos 415, Independencia 15311, Peru'),
(23, '{"lat":-11.9721776,"lng":-77.0679552}', 'Jr. Rio Ucayali 5433'),
(24, '{"lat":-12.0853194,"lng":-77.0357761}', 'Lince, Peru'),
(25, '{"lat":-11.9721776,"lng":-77.0679552}', 'Jr. Rio Ucayali 5433'),
(26, '{"lat":-12.0853194,"lng":-77.0357761}', 'Lince, Peru'),
(27, '{"lat":-11.9721776,"lng":-77.0679552}', 'Jr. Rio Ucayali 5433'),
(28, '{"lat":-11.983964,"lng":-77.0633089}', 'Los Alisos 415, Independencia 15311, Peru'),
(29, '{"lat":-11.9721776,"lng":-77.0679552}', 'Jr. Rio Ucayali 5433'),
(30, '{"lat":-12.0853194,"lng":-77.0357761}', 'Lince, Peru'),
(31, '{"lat":-11.9721776,"lng":-77.0679552}', 'Jr. Rio Ucayali 5433'),
(32, '{"lat":-11.983964,"lng":-77.0633089}', 'Los Alisos 415, Independencia 15311, Peru'),
(33, '{"lat":-11.9721776,"lng":-77.0679552}', 'Jr. Rio Ucayali 5433'),
(34, '{"lat":-11.983964,"lng":-77.0633089}', 'Los Alisos 415, Independencia 15311, Peru'),
(35, '{"lat":-11.9721776,"lng":-77.0679552}', 'Jr. Rio Ucayali 5433'),
(36, '{"lat":-12.0853194,"lng":-77.0357761}', 'Lince, Peru'),
(37, '{"lat":-11.9721776,"lng":-77.0679552}', 'Jr. Rio Ucayali 5433'),
(38, '{"lat":-12.0853194,"lng":-77.0357761}', 'Lince, Peru'),
(39, '{"lat":-11.9721776,"lng":-77.0679552}', 'Jr. Rio Ucayali 5433'),
(40, '{"lat":-12.0853194,"lng":-77.0357761}', 'Lince, Peru'),
(41, '{"lat":-11.9713288,"lng":-77.0672206}', 'Rio Marañon 407'),
(42, '{"lat":-12.0853194,"lng":-77.0357761}', 'Lince, Peru'),
(43, '{"lat":-11.9713288,"lng":-77.0672206}', 'Rio Marañon 407'),
(44, '{"lat":-11.983964,"lng":-77.0633089}', 'Los Alisos 415, Independencia 15311, Peru'),
(45, '{"lat":-11.9713288,"lng":-77.0672206}', 'Rio Marañon 407'),
(46, '{"lat":-11.983964,"lng":-77.0633089}', 'Los Alisos 415, Independencia 15311, Peru'),
(47, '{"lat":-11.9807017,"lng":-77.0668417}', 'Pariahuanca 380, Los Olivos 15304, Perú'),
(48, '{"lat":-12.0853194,"lng":-77.03577609999999}', 'Lince, Perú'),
(49, '{"lat":-11.9806671,"lng":-77.066891}', 'Pariahuanca 380, Los Olivos 15304, Perú'),
(50, '{"lat":-12.0853194,"lng":-77.03577609999999}', 'Lince, Perú'),
(51, '{"lat":-11.9806431,"lng":-77.066846}', 'Pariahuanca 380, Los Olivos 15304, Perú'),
(52, '{"lat":-11.983964,"lng":-77.0633089}', 'Los Alisos 415, Independencia 15311, Perú'),
(53, '{"lat":-11.9806431,"lng":-77.066846}', 'Pariahuanca 380, Los Olivos 15304, Perú'),
(54, '{"lat":-12.0853194,"lng":-77.03577609999999}', 'Lince, Perú'),
(55, '{"lat":-11.9807097,"lng":-77.0668685}', 'Cajacay 205, Distrito de Lima 15304, Perú'),
(56, '{"lat":-11.983964,"lng":-77.0633089}', 'Los Alisos 415, Independencia 15311, Perú'),
(57, '{"lat":-11.9806692,"lng":-77.0669359}', 'Cajacay 205, Distrito de Lima 15304, Perú'),
(58, '{"lat":-12.026699800000001,"lng":-76.8895843}', 'Ate, Perú'),
(59, '{"lat":-11.9779478,"lng":-77.0689567}', 'Avenida Naranjal 506'),
(60, '{"lat":-12.0853194,"lng":-77.0357761}', 'Lince, Peru'),
(61, '{"lat":-11.9779478,"lng":-77.0689567}', 'Avenida Naranjal 506'),
(62, '{"lat":-12.0853194,"lng":-77.0357761}', 'Lince, Peru'),
(63, '{"lat":-11.9806442,"lng":-77.0668685}', 'Cajacay 205, Distrito de Lima 15304, Perú'),
(64, '{"lat":-12.0853194,"lng":-77.03577609999999}', 'Lince, Perú'),
(65, '{"lat":-11.9779478,"lng":-77.0689567}', 'Avenida Naranjal 506'),
(66, '{"lat":-12.0853194,"lng":-77.0357761}', 'Lince, Peru'),
(67, '{"lat":-11.980665,"lng":-77.066846}', 'Pariahuanca 380, Los Olivos 15304, Perú'),
(68, '{"lat":-11.983964,"lng":-77.0633089}', 'Los Alisos 415, Independencia 15311, Perú'),
(69, '{"lat":-11.9754788,"lng":-77.0723456}', 'Avenida Las Palmeras 5260'),
(70, '{"lat":-11.983964,"lng":-77.0633089}', 'Los Alisos 415, Independencia 15311, Peru'),
(71, '{"lat":-11.9754788,"lng":-77.0723456}', 'Avenida Las Palmeras 5260'),
(72, '{"lat":-11.983964,"lng":-77.0633089}', 'Los Alisos 415, Independencia 15311, Peru'),
(73, '{"lat":-11.9754788,"lng":-77.0723456}', 'Avenida Las Palmeras 5260'),
(74, '{"lat":-12.0032563,"lng":-76.9179994}', 'Lurigancho-Chosica, Peru'),
(75, '{"lat":-11.9754788,"lng":-77.0723456}', 'Avenida Las Palmeras 5260'),
(76, '{"lat":-11.983964,"lng":-77.0633089}', 'Los Alisos 415, Independencia 15311, Peru'),
(77, '{"lat":-11.9754788,"lng":-77.0723456}', 'Avenida Las Palmeras 5260'),
(78, '{"lat":-11.983964,"lng":-77.0633089}', 'Los Alisos 415, Independencia 15311, Peru'),
(79, '{"lat":-11.9754788,"lng":-77.0723456}', 'Avenida Las Palmeras 5260'),
(80, '{"lat":-12.0853194,"lng":-77.0357761}', 'Lince, Peru'),
(81, '{"lat":-11.9754788,"lng":-77.0723456}', 'Avenida Las Palmeras 5260'),
(82, '{"lat":-12.0853194,"lng":-77.0357761}', 'Lince, Peru'),
(83, '{"lat":-11.9754788,"lng":-77.0723456}', 'Avenida Las Palmeras 5260'),
(84, '{"lat":-12.0853194,"lng":-77.0357761}', 'Lince, Peru'),
(85, '{"lat":-11.9754788,"lng":-77.0723456}', 'Avenida Las Palmeras 5260'),
(86, '{"lat":-12.0853194,"lng":-77.0357761}', 'Lince, Peru'),
(87, '{"lat":-11.9754788,"lng":-77.0723456}', 'Avenida Las Palmeras 5260'),
(88, '{"lat":-11.983964,"lng":-77.0633089}', 'Los Alisos 415, Independencia 15311, Peru'),
(89, '{"lat":-11.9754788,"lng":-77.0723456}', 'Avenida Las Palmeras 5260'),
(90, '{"lat":-11.983964,"lng":-77.0633089}', 'Los Alisos 415, Independencia 15311, Peru'),
(91, '{"lat":-11.9754788,"lng":-77.0723456}', 'Avenida Las Palmeras 5260'),
(92, '{"lat":-11.983964,"lng":-77.0633089}', 'Los Alisos 415, Independencia 15311, Peru'),
(93, '{"lat":-11.9754788,"lng":-77.0723456}', 'Avenida Las Palmeras 5260'),
(94, '{"lat":-12.0853194,"lng":-77.0357761}', 'Lince, Peru'),
(95, '{"lat":-11.9754788,"lng":-77.0723456}', 'Avenida Las Palmeras 5260'),
(96, '{"lat":-12.0853194,"lng":-77.0357761}', 'Lince, Peru'),
(97, '{"lat":-11.9754788,"lng":-77.0723456}', 'Avenida Las Palmeras 5260'),
(98, '{"lat":-12.0853194,"lng":-77.0357761}', 'Lince, Peru'),
(99, '{"lat":-11.9754788,"lng":-77.0723456}', 'Avenida Las Palmeras 5260'),
(100, '{"lat":-12.0853194,"lng":-77.0357761}', 'Lince, Peru'),
(101, '{"lat":-11.9754788,"lng":-77.0723456}', 'Avenida Las Palmeras 5260'),
(102, '{"lat":-12.0853194,"lng":-77.0357761}', 'Lince, Peru'),
(103, '{"lat":-11.9754788,"lng":-77.0723456}', 'Avenida Las Palmeras 5260'),
(104, '{"lat":-12.0853194,"lng":-77.0357761}', 'Lince, Peru'),
(105, '{"lat":-11.9754788,"lng":-77.0723456}', 'Avenida Las Palmeras 5260'),
(106, '{"lat":-11.983964,"lng":-77.0633089}', 'Los Alisos 415, Independencia 15311, Peru'),
(107, '{"lat":-11.9806203,"lng":-77.0669174}', 'Huanchay 4820, Distrito de Lima 15304, Perú'),
(108, '{"lat":-12.0853194,"lng":-77.03577609999999}', 'Lince, Perú'),
(109, '{"lat":-11.9806504,"lng":-77.0669069}', 'Huanchay 4820, Cercado de Lima 15304, Perú'),
(110, '{"lat":-11.983964,"lng":-77.0633089}', 'Los Alisos 415, Independencia 15311, Perú'),
(111, '{"lat":-11.980666,"lng":-77.0668685}', 'Huanchay 4820, Cercado de Lima 15304, Perú'),
(112, '{"lat":-12.0853194,"lng":-77.03577609999999}', 'Lince, Perú'),
(113, '{"lat":-11.9806974,"lng":-77.0668676}', 'Huanchay 4820, Cercado de Lima 15304, Perú'),
(114, '{"lat":-11.983964,"lng":-77.0633089}', 'Los Alisos 415, Independencia 15311, Perú'),
(115, '{"lat":-11.980666,"lng":-77.0668685}', 'Huanchay 4820, Distrito de Lima 15304, Perú'),
(116, '{"lat":-11.983964,"lng":-77.0633089}', 'Los Alisos 415, Independencia 15311, Perú'),
(117, '{"lat":-11.98063,"lng":-77.06687}', 'Huanchay 4820, Distrito de Lima 15304, Perú'),
(118, '{"lat":-12.0853194,"lng":-77.03577609999999}', 'Lince, Perú'),
(119, '{"lat":-11.9806629,"lng":-77.0668774}', 'Pariahuanca 380, Los Olivos 15304, Perú'),
(120, '{"lat":-12.0853194,"lng":-77.03577609999999}', 'Lince, Perú'),
(121, '{"lat":-11.9806452,"lng":-77.0668897}', 'Huanchay 4820, Distrito de Lima 15304, Perú'),
(122, '{"lat":-12.0853194,"lng":-77.03577609999999}', 'Lince, Perú'),
(123, '{"lat":-11.9806889,"lng":-77.066891}', 'Pariahuanca 378, Los Olivos 15304, Perú'),
(124, '{"lat":-12.1073609,"lng":-77.0299382}', 'Av. Petit Thouars 4476, Miraflores 15046, Per'),
(125, '{"lat":-11.9806846,"lng":-77.0669068}', 'Huanchay 4820, Distrito de Lima 15304, Perú'),
(126, '{"lat":-12.0853194,"lng":-77.03577609999999}', 'Lince, Perú'),
(127, '{"lat":-11.9806431,"lng":-77.066846}', 'Huanchay 4820, Cercado de Lima 15304, Perú'),
(128, '{"lat":-11.983964,"lng":-77.0633089}', 'Los Alisos 415, Independencia 15311, Perú'),
(129, '{"lat":-11.9806671,"lng":-77.066891}', 'Huanchay 4820, Cercado de Lima 15304, Perú'),
(130, '{"lat":-11.983964,"lng":-77.0633089}', 'Los Alisos 415, Independencia 15311, Perú'),
(131, '{"lat":-11.9807517,"lng":-77.06696}', 'Pariahuanca 380, Los Olivos 15304, Perú'),
(132, '{"lat":-12.0853194,"lng":-77.03577609999999}', 'Lince, Perú'),
(133, '{"lat":-11.9806421,"lng":-77.0668235}', 'Huanchay 4820, Cercado de Lima 15304, Perú'),
(134, '{"lat":-11.983964,"lng":-77.0633089}', 'Los Alisos 415, Independencia 15311, Perú'),
(135, '{"lat":-11.9806421,"lng":-77.0668235}', 'Cajacay 205, Distrito de Lima 15304, Perú'),
(136, '{"lat":-11.983964,"lng":-77.0633089}', 'Los Alisos 415, Independencia 15311, Perú'),
(137, '{"lat":-11.9806421,"lng":-77.0668235}', 'Pariahuanca 380, Los Olivos 15304, Perú'),
(138, '{"lat":-11.983964,"lng":-77.0633089}', 'Los Alisos 415, Independencia 15311, Perú'),
(139, '{"lat":-11.9806234,"lng":-77.066891}', 'Pariahuanca 380, Los Olivos 15304, Perú'),
(140, '{"lat":-11.983964,"lng":-77.0633089}', 'Los Alisos 415, Independencia 15311, Perú'),
(141, '{"lat":-11.9806612,"lng":-77.0668316}', 'Pariahuanca 380-390, Cercado de Lima 15304, P'),
(142, '{"lat":-12.0406365,"lng":-77.0881034}', 'N°. 4793 Z.I. (ENTRE AV.ARGENTINA Y AV.ELMER '),
(143, '{"lat":-11.9806421,"lng":-77.0668235}', 'Pariahuanca 380, Los Olivos 15304, Perú'),
(144, '{"lat":-12.0853194,"lng":-77.03577609999999}', 'Lince, Perú'),
(145, '{"lat":-11.9806421,"lng":-77.0668235}', 'Pariahuanca 380, Los Olivos 15304, Perú'),
(146, '{"lat":-11.983964,"lng":-77.0633089}', 'Los Alisos 415, Independencia 15311, Perú'),
(147, '{"lat":-11.9806213,"lng":-77.066846}', 'Huanchay 4820, Cercado de Lima 15304, Perú'),
(148, '{"lat":-11.983964,"lng":-77.0633089}', 'Los Alisos 415, Independencia 15311, Perú'),
(149, '{"lat":-11.9806223,"lng":-77.0668685}', 'Pariahuanca 380, Los Olivos 15304, Perú'),
(150, '{"lat":-11.983964,"lng":-77.0633089}', 'Los Alisos 415, Independencia 15311, Perú'),
(151, '{"lat":-11.9806421,"lng":-77.0668235}', 'Huanchay 4820, Distrito de Lima 15304, Perú'),
(152, '{"lat":-11.959402299999999,"lng":-77.0760457}', 'Los Olivos, Perú'),
(153, '{"lat":-11.9806421,"lng":-77.0668235}', 'Huanchay 4820, Cercado de Lima 15304, Perú'),
(154, '{"lat":-11.9299805,"lng":-77.053541}', 'Comas, Perú'),
(155, '{"lat":-11.9806421,"lng":-77.0668235}', 'Huanchay 4820, Distrito de Lima 15304, Perú'),
(156, '{"lat":-12.082019599999999,"lng":-76.928234}', 'La Molina, Perú'),
(157, '{"lat":-11.9806421,"lng":-77.0668235}', 'Huanchay 4820, Distrito de Lima 15304, Perú'),
(158, '{"lat":-12.082019599999999,"lng":-76.928234}', 'La Molina, Perú'),
(159, '{"lat":-11.9806421,"lng":-77.0668235}', 'Huanchay 4820, Distrito de Lima 15304, Perú'),
(160, '{"lat":-12.082019599999999,"lng":-76.928234}', 'La Molina, Perú'),
(161, '{"lat":-11.9806421,"lng":-77.0668235}', 'Huanchay 4820, Distrito de Lima 15304, Perú'),
(162, '{"lat":-12.082019599999999,"lng":-76.928234}', 'La Molina, Perú'),
(163, '{"lat":-11.9806421,"lng":-77.0668235}', 'Huanchay 4820, Distrito de Lima 15304, Perú'),
(164, '{"lat":-12.082019599999999,"lng":-76.928234}', 'La Molina, Perú'),
(165, '{"lat":-11.9806785,"lng":-77.0669022}', 'Cajacay 205, Distrito de Lima 15304, Perú'),
(166, '{"lat":-11.983964,"lng":-77.0633089}', 'Los Alisos 415, Independencia 15311, Perú'),
(167, '{"lat":-11.9806421,"lng":-77.0668235}', 'Huanchay 4820, Distrito de Lima 15304, Perú'),
(168, '{"lat":-12.0853194,"lng":-77.03577609999999}', 'Lince, Perú'),
(169, '{"lat":-11.9806421,"lng":-77.0668235}', 'Pariahuanca 380, Los Olivos 15304, Perú'),
(170, '{"lat":-12.0853194,"lng":-77.03577609999999}', 'Lince, Perú'),
(171, '{"lat":-11.9806612,"lng":-77.0668316}', 'Pariahuanca 380, Los Olivos 15304, Perú'),
(172, '{"lat":-12.0853194,"lng":-77.03577609999999}', 'Lince, Perú'),
(173, '{"lat":-11.9806463,"lng":-77.0669134}', 'Huanchay 4820, Cercado de Lima 15304, Perú'),
(174, '{"lat":-12.0853194,"lng":-77.03577609999999}', 'Lince, Perú'),
(175, '{"lat":-11.9807315,"lng":-77.0668685}', 'Huanchay 4820, Cercado de Lima 15304, Perú'),
(176, '{"lat":-12.0853194,"lng":-77.03577609999999}', 'Lince, Perú'),
(177, '{"lat":-11.9806785,"lng":-77.0669022}', 'Huanchay 4820, Cercado de Lima 15304, Perú'),
(178, '{"lat":-12.0853194,"lng":-77.03577609999999}', 'Lince, Perú'),
(179, '{"lat":-11.9806821,"lng":-77.0668765}', 'Huanchay 4820, Distrito de Lima 15304, Perú'),
(180, '{"lat":-11.959402299999999,"lng":-77.0760457}', 'Los Olivos, Perú'),
(181, '{"lat":-11.9806417,"lng":-77.0668933}', 'Huanchay 4820, Distrito de Lima 15304, Perú'),
(182, '{"lat":-11.983964,"lng":-77.0633089}', 'Los Alisos 415, Independencia 15311, Perú'),
(183, '{"lat":-11.980666,"lng":-77.0668685}', 'Cajacay 227, Distrito de Lima 15304, Perú'),
(184, '{"lat":-12.0853194,"lng":-77.03577609999999}', 'Lince, Perú'),
(185, '{"lat":-11.9805983,"lng":-77.06709}', 'Cajacay 205, Distrito de Lima 15304, Perú'),
(186, '{"lat":-12.0853194,"lng":-77.03577609999999}', 'Lince, Perú'),
(187, '{"lat":-11.9806386,"lng":-77.0668405}', 'Huanchay 4820, Distrito de Lima 15304, Perú'),
(188, '{"lat":-11.983964,"lng":-77.0633089}', 'Los Alisos 415, Independencia 15311, Perú'),
(189, '{"lat":-11.9807284,"lng":-77.066801}', 'Huanchay 4820, Distrito de Lima 15304, Perú'),
(190, '{"lat":-11.959402299999999,"lng":-77.0760457}', 'Los Olivos, Perú'),
(191, '{"lat":-11.9805979,"lng":-77.0668397}', 'Huanchay 4820, Distrito de Lima 15304, Perú'),
(192, '{"lat":-11.959402299999999,"lng":-77.0760457}', 'Los Olivos, Perú'),
(193, '{"lat":-11.9806144,"lng":-77.0668352}', 'Cajacay 205, Distrito de Lima 15304, Perú'),
(194, '{"lat":-11.959402299999999,"lng":-77.0760457}', 'Los Olivos, Perú'),
(195, '{"lat":-11.9806446,"lng":-77.0668616}', 'Huanchay 4820, Distrito de Lima 15304, Perú'),
(196, '{"lat":-11.959402299999999,"lng":-77.0760457}', 'Los Olivos, Perú'),
(197, '{"lat":-11.98065,"lng":-77.0669067}', 'Huanchay 4820, Distrito de Lima 15304, Perú'),
(198, '{"lat":-11.959402299999999,"lng":-77.0760457}', 'Los Olivos, Perú'),
(199, '{"lat":-11.9806538,"lng":-77.0668422}', 'Pariahuanca 380, Los Olivos 15304, Perú'),
(200, '{"lat":-11.983964,"lng":-77.0633089}', 'Los Alisos 415, Independencia 15311, Perú'),
(201, '{"lat":-11.9806335,"lng":-77.0668151}', 'Cajacay 205, Distrito de Lima 15304, Perú'),
(202, '{"lat":-11.983964,"lng":-77.0633089}', 'Los Alisos 415, Independencia 15311, Perú'),
(203, '{"lat":-11.9806306,"lng":-77.0668123}', 'Cajacay 205, Distrito de Lima 15304, Perú'),
(204, '{"lat":-11.8819647,"lng":-77.0716738}', 'Av. Rosa Luz, Puente Piedra, Perú'),
(205, '{"lat":-11.9805776,"lng":-77.066846}', 'Pariahuanca 380, Los Olivos 15304, Perú'),
(206, '{"lat":-12.0853194,"lng":-77.03577609999999}', 'Lince, Perú'),
(207, '{"lat":-11.980589,"lng":-77.066846}', 'Pariahuanca 380, Los Olivos 15304, Perú'),
(208, '{"lat":-12.0853194,"lng":-77.03577609999999}', 'Lince, Perú'),
(209, '{"lat":-11.98074,"lng":-77.066905}', 'Cajacay 205, Distrito de Lima 15304, Perú'),
(210, '{"lat":-11.959402299999999,"lng":-77.0760457}', 'Los Olivos, Perú'),
(211, '{"lat":-11.9806722,"lng":-77.0667673}', 'Pariahuanca 380, Los Olivos 15304, Perú'),
(212, '{"lat":-12.079868699999999,"lng":-77.0362829}', 'Av. Arenales, Perú'),
(213, '{"lat":-11.9806409,"lng":-77.0668338}', 'Huanchay 4820, Distrito de Lima 15304, Perú'),
(214, '{"lat":-12.0853194,"lng":-77.03577609999999}', 'Lince, Perú'),
(215, '{"lat":-11.9807222,"lng":-77.0669022}', 'Cajacay 205, Distrito de Lima 15304, Perú'),
(216, '{"lat":-11.983964,"lng":-77.0633089}', 'Los Alisos 415, Independencia 15311, Perú'),
(217, '{"lat":-11.9806722,"lng":-77.0667673}', 'Pariahuanca 380, Los Olivos 15304, Perú'),
(218, '{"lat":-12.0853194,"lng":-77.03577609999999}', 'Lince, Perú'),
(219, '{"lat":-11.9806421,"lng":-77.0668235}', 'Huanchay 4820, Distrito de Lima 15304, Perú'),
(220, '{"lat":-11.983964,"lng":-77.0633089}', 'Los Alisos 415, Independencia 15311, Perú'),
(221, '{"lat":-11.9806847,"lng":-77.0668553}', 'Cajacay 201, Distrito de Lima 15304, Perú'),
(222, '{"lat":-12.082019599999999,"lng":-76.928234}', 'La Molina, Perú'),
(223, '{"lat":-11.9806983,"lng":-77.0667867}', 'Cajacay 205, Distrito de Lima 15304, Perú'),
(224, '{"lat":-11.9839126,"lng":-77.07359869999999}', 'Auxiliar Avenida Los Alisos 865, Lima 15301, '),
(225, '{"lat":-11.9806367,"lng":-77.0667717}', 'Cajacay 205, Distrito de Lima 15304, Perú'),
(226, '{"lat":-11.983964,"lng":-77.0633089}', 'Los Alisos 415, Independencia 15311, Perú'),
(227, '{"lat":-11.9836027,"lng":-77.0722199}', 'Avenida Las Palmeras 4308'),
(228, '{"lat":-11.983964,"lng":-77.0633089}', 'Los Alisos 415, Independencia 15311, Peru'),
(229, '{"lat":-11.9805984,"lng":-77.0668235}', 'Cajacay 205, Distrito de Lima 15304, Perú'),
(230, '{"lat":-12.1446484,"lng":-77.0089452}', 'Surco Viejo, Santiago de Surco, Perú'),
(231, '{"lat":-11.9806005,"lng":-77.0668685}', 'Cajacay 205, Distrito de Lima 15304, Perú'),
(232, '{"lat":-11.959402299999999,"lng":-77.0760457}', 'Los Olivos, Perú'),
(233, '{"lat":-11.9804233,"lng":-77.066665}', 'Huanchay 4820, Distrito de Lima 15304, Perú'),
(234, '{"lat":-11.983964,"lng":-77.0633089}', 'Los Alisos 415, Independencia 15311, Perú'),
(235, '{"lat":-11.9808,"lng":-77.0667633}', 'Huanchay 4820, Distrito de Lima 15304, Perú'),
(236, '{"lat":-12.0734497,"lng":-77.01628989999999}', 'La Victoria, Perú'),
(237, '{"lat":-11.9806456,"lng":-77.0668985}', 'Pariahuanca 380, Los Olivos 15304, Perú'),
(238, '{"lat":-11.959402299999999,"lng":-77.0760457}', 'Los Olivos, Perú'),
(239, '{"lat":-11.9806281,"lng":-77.0668843}', 'Huanchay 4820, Distrito de Lima 15304, Perú'),
(240, '{"lat":-12.0853194,"lng":-77.03577609999999}', 'Lince, Perú'),
(241, '{"lat":-11.980665,"lng":-77.066846}', 'Huanchay 4820, Cercado de Lima 15304, Perú'),
(242, '{"lat":-12.1446484,"lng":-77.0089452}', 'Surco Viejo, Santiago de Surco, Perú'),
(243, '{"lat":-11.9806258,"lng":-77.0668647}', 'Pariahuanca 380, Los Olivos 15304, Perú'),
(244, '{"lat":-12.0853194,"lng":-77.03577609999999}', 'Lince, Perú'),
(245, '{"lat":-11.9806639,"lng":-77.0668235}', 'Pariahuanca 380, Los Olivos 15304, Perú'),
(246, '{"lat":-11.959402299999999,"lng":-77.0760457}', 'Los Olivos, Perú'),
(247, '{"lat":-11.980765,"lng":-77.0667867}', 'Huanchay 4820, Cercado de Lima 15304, Perú'),
(248, '{"lat":-11.983964,"lng":-77.0633089}', 'Los Alisos 415, Independencia 15311, Perú'),
(249, '{"lat":-11.9806223,"lng":-77.0668685}', 'Pariahuanca 380, Los Olivos 15304, Perú'),
(250, '{"lat":-12.082019599999999,"lng":-76.928234}', 'La Molina, Perú'),
(251, '{"lat":-11.9806431,"lng":-77.066846}', 'Huanchay 4820, Cercado de Lima 15304, Perú'),
(252, '{"lat":-12.1416088,"lng":-76.9918155}', 'Santiago de Surco, Perú'),
(253, '{"lat":-11.9806833,"lng":-77.0667733}', 'Pariahuanca 380, Los Olivos 15304, Perú'),
(254, '{"lat":-12.0734497,"lng":-77.01628989999999}', 'La Victoria, Perú'),
(255, '{"lat":-12.0957608,"lng":-77.0379684}', 'Av. Sto. Toribio 115, San Isidro 15073, Perú'),
(256, '{"lat":-12.0853194,"lng":-77.03577609999999}', 'Lince, Perú'),
(257, '{"lat":-12.0956384,"lng":-77.0378884}', 'Av. Victor Andrés Belaúnde 177, San Isidro 15'),
(258, '{"lat":-12.081999099999999,"lng":-76.9757037}', 'Jiron Mar Peruano 204, Cercado de Lima 15023,'),
(259, '{"lat":-11.978686,"lng":-77.067927}', 'Cajacay, Lima, Peru'),
(260, '{"lat":-12.0820196,"lng":-76.928234}', 'La Molina, Lima Region, Peru'),
(261, '{"lat":-11.978686,"lng":-77.067927}', 'Cajacay, Lima, Peru'),
(262, '{"lat":-12.0853194,"lng":-77.03577609999999}', 'Lince, Lima Region, Peru'),
(263, '{"lat":-11.978686,"lng":-77.067927}', 'Cajacay, Lima, Peru'),
(264, '{"lat":-12.0853194,"lng":-77.03577609999999}', 'Lince, Lima Region, Peru'),
(265, '{"lat":-11.978686,"lng":-77.067927}', 'Cajacay, Lima, Peru'),
(266, '{"lat":-12.0853194,"lng":-77.03577609999999}', 'Lince, Lima Region, Peru'),
(267, '{"lat":-11.978686,"lng":-77.067927}', 'Cajacay, Lima, Peru'),
(268, '{"lat":-12.0853194,"lng":-77.03577609999999}', 'Lince, Lima Region, Peru'),
(269, '{"lat":-11.978686,"lng":-77.067927}', 'Cajacay, Lima, Peru'),
(270, '{"lat":-12.0853194,"lng":-77.03577609999999}', 'Lince, Lima Region, Peru'),
(271, '{"lat":-11.978686,"lng":-77.067927}', 'Cajacay, Lima, Peru'),
(272, '{"lat":-12.1317749,"lng":-76.9665768}', 'Miraflores, Peru'),
(273, '{"lat":-11.978686,"lng":-77.067927}', 'Cajacay, Lima, Peru'),
(274, '{"lat":-12.0734497,"lng":-77.01628989999999}', 'La Victoria, Lima Region, Peru'),
(275, '{"lat":-11.9807917,"lng":-77.0666983}', 'Pariahuanca 380, Los Olivos 15304, Perú'),
(276, '{"lat":-11.9965871,"lng":-77.06283979999999}', 'Alfredo Mendiola 3698, Independencia 15311, P'),
(277, '{"lat":-11.978686,"lng":-77.067927}', 'Cajacay, Lima, Peru'),
(278, '{"lat":-12.1590715,"lng":-76.9297354}', 'Villa María del Triunfo, Lima Region, Peru'),
(279, '{"lat":-11.978686,"lng":-77.067927}', 'Cajacay, Lima, Peru'),
(280, '{"lat":-12.135397,"lng":-76.9729761}', 'El Tambo Perú, Avenida la Paz, Lima, Peru'),
(281, '{"lat":-11.978686,"lng":-77.067927}', 'Cajacay, Lima, Peru'),
(282, '{"lat":-12.0853194,"lng":-77.03577609999999}', 'Lince, Lima Region, Peru'),
(283, '{"lat":-12.119252,"lng":-77.030244}', 'Calle José Olaya, Lima, Lima, Peru'),
(284, '{"lat":-12.0853194,"lng":-77.03577609999999}', 'Lince, Lima Region, Peru'),
(285, '{"lat":-12.118927,"lng":-77.030293}', 'Calle Atahualpa, Lima, Lima, Peru'),
(286, '{"lat":-12.0853194,"lng":-77.03577609999999}', 'Lince, Lima Region, Peru'),
(287, '{"lat":-12.119861,"lng":-77.030207}', 'Calle José Olaya, Lima, Lima, Peru'),
(288, '{"lat":-12.0853194,"lng":-77.03577609999999}', 'Lince, Lima Region, Peru'),
(289, '{"lat":-11.980630424816143,"lng":-77.0668917150023}', 'Huanchay, Lima, Peru'),
(290, '{"lat":-12.0853194,"lng":-77.03577609999999}', 'Lince, Lima Region, Peru'),
(291, '{"lat":-11.980880917992424,"lng":-77.06674779772484}', 'Huanchay, Lima, Peru'),
(292, '{"lat":-12.0971829,"lng":-77.032585}', 'San Isidro, Lima Region, Peru'),
(293, '{"lat":-11.980722039017808,"lng":-77.06683186821365}', 'Avenida Pariahuanca, Lima, Peru'),
(294, '{"lat":-12.0853194,"lng":-77.03577609999999}', 'Lince, Lima Region, Peru'),
(295, '{"lat":-11.9820217,"lng":-77.0623633}', 'Solinse, Las Peras, Independencia 15311, Perú'),
(296, '{"lat":-12.0853194,"lng":-77.03577609999999}', 'Lince, Perú'),
(297, '{"lat":-12.119912397863077,"lng":-77.03005578047754}', 'Calle José Olaya, Lima, Lima, Peru'),
(298, '{"lat":-12.0853194,"lng":-77.03577609999999}', 'Lince, Lima Region, Peru'),
(299, '{"lat":-12.119856,"lng":-77.0294658}', 'Diagonal 176, Miraflores 15074, Perú'),
(300, '{"lat":-12.0352508,"lng":-77.0253927}', 'Alameda de los Descalzos, Cercado de Lima 150'),
(301, '{"lat":-11.980697605770063,"lng":-77.06690143800998}', 'Huanchay, Lima, Peru'),
(302, '{"lat":-12.1317749,"lng":-76.9665768}', 'Miraflores, Peru'),
(303, '{"lat":-11.980712232191097,"lng":-77.06693060703302}', 'Huanchay, Lima, Peru'),
(304, '{"lat":-12.0853194,"lng":-77.03577609999999}', 'Lince, Lima Region, Peru'),
(305, '{"lat":-11.9807097,"lng":-77.0668685}', 'Huanchay 4810, Cercado de Lima 15304, Perú'),
(306, '{"lat":-12.111061999999999,"lng":-77.0315913}', 'Miraflores, Perú'),
(307, '{"lat":-11.9807433,"lng":-77.0668783}', 'Huanchay 4810, Cercado de Lima 15304, Perú'),
(308, '{"lat":-12.0971829,"lng":-77.032585}', 'San Isidro, Perú'),
(309, '{"lat":-11.9807149,"lng":-77.0669809}', 'Huanchay 4810, Cercado de Lima 15304, Perú'),
(310, '{"lat":-12.082019599999999,"lng":-76.928234}', 'La Molina, Perú'),
(311, '{"lat":-11.9804983,"lng":-77.0669333}', 'Huanchay 4810, Cercado de Lima 15304, Perú'),
(312, '{"lat":-12.0750295,"lng":-77.0435289}', 'Jesús María, Perú'),
(313, '{"lat":-11.9806633,"lng":-77.0669483}', 'Huanchay 4810, Cercado de Lima 15304, Perú'),
(314, '{"lat":-12.0707779,"lng":-77.1643337}', 'La Punta, Perú'),
(315, '{"lat":-11.9807097,"lng":-77.0668685}', 'Huanchay 4810, Cercado de Lima 15304, Perú'),
(316, '{"lat":-12.1876499,"lng":-77.00776359999999}', 'Distrito de Chorrillos, Perú'),
(317, '{"lat":-12.1198232,"lng":-77.0297798}', 'Multicentro Larco, Av Jose Larco 345, Miraflo'),
(318, '{"lat":-12.0994239,"lng":-76.97006689999999}', 'Centro Comercial Jockey Plaza,, Centro Comerc'),
(319, '{"lat":-12.1198777,"lng":-77.0298113}', 'Diagonal 176, Miraflores 15074, Perú'),
(320, '{"lat":-12.123205299999999,"lng":-77.0372132}', 'Calle Madrid 426, Miraflores 15074, Perú'),
(321, '{"lat":-12.1200125,"lng":-77.0299111}', 'Diagonal 176, Miraflores 15074, Perú'),
(322, '{"lat":-12.0893489,"lng":-77.02914}', 'Av. Prolongacion Iquitos 2615, Lince 15046, P'),
(323, '{"lat":-12.1199461,"lng":-77.0297486}', 'Diagonal 176, Miraflores 15074, Perú'),
(324, '{"lat":-12.0994239,"lng":-76.97006689999999}', 'Centro Comercial Jockey Plaza,, Centro Comerc'),
(325, '{"lat":-12.1209071,"lng":-77.0287509}', 'Multicentro Larco, Av Jose Larco 345, Miraflo'),
(326, '{"lat":-12.0994239,"lng":-76.97006689999999}', 'Centro Comercial Jockey Plaza,, Centro Comerc'),
(327, '{"lat":-12.1198613,"lng":-77.0294942}', 'Diagonal 176, Miraflores 15074, Perú'),
(328, '{"lat":-12.088652200000002,"lng":-77.00471859999999}', 'Av. Javier Prado Este 2050, San Borja 15036, '),
(329, '{"lat":-12.1200247,"lng":-77.0295366}', 'Diagonal 176, Miraflores 15074, Perú'),
(330, '{"lat":-12.0994239,"lng":-76.97006689999999}', 'Centro Comercial Jockey Plaza,, Centro Comerc'),
(331, '{"lat":-12.1198274,"lng":-77.0295616}', 'Diagonal 176, Miraflores 15074, Perú'),
(332, '{"lat":-12.0750295,"lng":-77.0435289}', 'Jesús María, Perú'),
(333, '{"lat":-12.1198274,"lng":-77.0295616}', 'Diagonal 176, Miraflores 15074, Perú'),
(334, '{"lat":-8.3697511,"lng":-74.5412308}', 'Jr. Talara, Pucallpa 15093, Perú'),
(335, '{"lat":-12.119812703547685,"lng":-77.02982802092396}', 'Diagonal, Lima, Lima, Peru'),
(336, '{"lat":-12.0853659,"lng":-76.9788883}', 'Jockey Plaza, Avenida Javier Prado Este, Sant'),
(337, '{"lat":-11.978686,"lng":-77.067927}', 'Cajacay, Lima, Peru'),
(338, '{"lat":-12.1317749,"lng":-76.9665768}', 'Miraflores, Peru'),
(339, '{"lat":-11.978686,"lng":-77.067927}', 'Cajacay, Lima, Peru'),
(340, '{"lat":-12.1317749,"lng":-76.9665768}', 'Miraflores, Peru'),
(341, '{"lat":-12.1317749,"lng":-76.9665768}', 'Cajacay, Lima, Peru'),
(342, '{"lat":-11.978686,"lng":-77.067927}', 'Miraflores, Peru'),
(343, '{"lat":-11.978686,"lng":-77.067927}', 'Cajacay, Lima, Peru'),
(344, '{"lat":-12.1317749,"lng":-76.9665768}', 'Miraflores, Peru'),
(345, '{"lat":-12.1317749,"lng":-76.9665768}', 'Cajacay, Lima, Peru'),
(346, '{"lat":-11.978686,"lng":-77.067927}', 'Miraflores, Peru'),
(347, '{"lat":-11.978686,"lng":-77.067927}', 'Cajacay, Lima, Peru'),
(348, '{"lat":-12.1317749,"lng":-76.9665768}', 'Miraflores, Peru'),
(349, '{"lat":-12.1317749,"lng":-76.9665768}', 'Cajacay, Lima, Peru'),
(350, '{"lat":-11.978686,"lng":-77.067927}', 'Miraflores, Peru'),
(351, '{"lat":-12.1317749,"lng":-76.9665768}', 'Cajacay, Lima, Peru'),
(352, '{"lat":-11.978686,"lng":-77.067927}', 'Miraflores, Peru'),
(353, '{"lat":-11.978686,"lng":-77.067927}', 'Cajacay, Lima, Peru'),
(354, '{"lat":-12.1317749,"lng":-76.9665768}', 'Miraflores, Peru'),
(355, '{"lat":-11.978686,"lng":-77.067927}', 'Cajacay, Lima, Peru'),
(356, '{"lat":-12.1085324,"lng":-77.03040399999999}', 'Miraflores District, Arequipa, Peru'),
(357, '{"lat":-11.978686,"lng":-77.067927}', 'Cajacay, Lima, Peru'),
(358, '{"lat":-12.1317749,"lng":-76.9665768}', 'Miraflores, Peru'),
(359, '{"lat":-11.978686,"lng":-77.067927}', 'Cajacay, Lima, Peru'),
(360, '{"lat":-12.1317749,"lng":-76.9665768}', 'Miraflores, Peru'),
(361, '{"lat":-11.978686,"lng":-77.067927}', 'Cajacay, Lima, Peru'),
(362, '{"lat":-12.1317749,"lng":-76.9665768}', 'Miraflores, Peru'),
(363, '{"lat":-11.978686,"lng":-77.067927}', 'Cajacay, Lima, Peru'),
(364, '{"lat":-12.0073452,"lng":-77.0501342}', 'Alisos Gimnasio, Los Alisos, Independencia, P'),
(365, '{"lat":-11.978686,"lng":-77.067927}', 'Cajacay, Lima, Peru'),
(366, '{"lat":-12.0073452,"lng":-77.0501342}', 'Alisos Gimnasio, Los Alisos, Independencia, P'),
(367, '{"lat":-11.978686,"lng":-77.067927}', 'Cajacay, Lima, Peru'),
(368, '{"lat":-12.046374,"lng":-77.0427934}', 'Registro Civil - Lince, Jirón Joaquín Bernal,'),
(369, '{"lat":-11.978686,"lng":-77.067927}', 'Cajacay, Lima, Peru'),
(370, '{"lat":-11.9836297,"lng":-77.0715862}', 'Alisos 772, Lima District, Lima Region, Peru'),
(371, '{"lat":-11.978686,"lng":-77.067927}', 'Cajacay, Lima, Peru'),
(372, '{"lat":-12.046374,"lng":-77.0427934}', 'Mia Club, Jirón Monterrey, Santiago de Surco,'),
(373, '{"lat":-11.978686,"lng":-77.067927}', 'Cajacay, Lima, Peru'),
(374, '{"lat":-11.9836297,"lng":-77.0715862}', 'Alisos 772, Lima District, Lima Region, Peru'),
(375, '{"lat":-11.978686,"lng":-77.067927}', 'Cajacay, Lima, Peru'),
(376, '{"lat":-11.9594023,"lng":-77.0760457}', 'Municipalidad de los Olivos, Avenida Carlos I'),
(377, '{"lat":-11.978686,"lng":-77.067927}', 'Cajacay, Lima, Peru'),
(378, '{"lat":-11.9961139,"lng":-77.062422}', 'MegaPlaza, Alfredo Mendiola, Independencia, P'),
(379, '{"lat":-11.978686,"lng":-77.067927}', 'Cajacay, Lima, Peru'),
(380, '{"lat":-11.9594023,"lng":-77.0760457}', 'Centro Médico Alisos, Los Olivos, Lima Region'),
(381, '{"lat":-11.978686,"lng":-77.067927}', 'Cajacay, Lima, Peru'),
(382, '{"lat":-12.046374,"lng":-77.0427934}', 'Cargo Express destination S.A.C., La Victoria'),
(383, '{"lat":-11.978686,"lng":-77.067927}', 'Cajacay, Lima, Peru'),
(384, '{"lat":-12.0853194,"lng":-77.03577609999999}', 'Lince, Lima Region, Peru'),
(385, '{"lat":-11.978686,"lng":-77.067927}', 'Cajacay, Lima, Peru'),
(386, '{"lat":-12.0853194,"lng":-77.03577609999999}', 'Lince, Lima Region, Peru'),
(387, '{"lat":-11.978686,"lng":-77.067927}', 'Cajacay, Lima, Peru'),
(388, '{"lat":-12.1317749,"lng":-76.9665768}', 'Miraflores, Peru'),
(389, '{"lat":-11.978686,"lng":-77.067927}', 'Cajacay, Lima, Peru'),
(390, '{"lat":-12.1317749,"lng":-76.9665768}', 'Miraflores, Peru'),
(391, '{"lat":-11.978686,"lng":-77.067927}', 'Cajacay, Lima, Peru'),
(392, '{"lat":-12.0853194,"lng":-77.03577609999999}', 'Lince, Lima Region, Peru'),
(393, '{"lat":-11.978686,"lng":-77.067927}', 'Cajacay, Lima, Peru'),
(394, '{"lat":-12.0853194,"lng":-77.03577609999999}', 'Lince, Lima Region, Peru'),
(395, '{"lat":-11.978686,"lng":-77.067927}', 'Cajacay, Lima, Peru'),
(396, '{"lat":-12.0853194,"lng":-77.03577609999999}', 'Lince, Lima Region, Peru'),
(397, '{"lat":-11.978686,"lng":-77.067927}', 'Cajacay, Lima, Peru'),
(398, '{"lat":-12.046374,"lng":-77.0427934}', 'Registro Civil - Lince, Jirón Joaquín Bernal,'),
(399, '{"lat":-11.978686,"lng":-77.067927}', 'Cajacay, Lima, Peru'),
(400, '{"lat":-12.0073452,"lng":-77.0501342}', 'Alisos Gimnasio, Los Alisos, Independencia, P'),
(401, '{"lat":-11.978686,"lng":-77.067927}', 'Cajacay, Lima, Peru'),
(402, '{"lat":-12.046374,"lng":-77.0427934}', 'Registro Civil - Lince, Jirón Joaquín Bernal,'),
(403, '{"lat":-11.978686,"lng":-77.067927}', 'Cajacay, Lima, Peru'),
(404, '{"lat":-12.1085324,"lng":-77.03040399999999}', 'Miraflores District, Arequipa, Peru'),
(405, '{"lat":-11.9836027,"lng":-77.0722199}', 'Avenida Las Palmeras 4308'),
(406, '{"lat":-12.111062,"lng":-77.0315913}', 'Miraflores, Peru'),
(407, '{"lat":-11.9836027,"lng":-77.0722199}', 'Avenida Las Palmeras 4308'),
(408, '{"lat":-12.0853194,"lng":-77.0357761}', 'Lince, Peru'),
(409, '{"lat":-11.9836027,"lng":-77.0722199}', 'Avenida Las Palmeras 4308'),
(410, '{"lat":-12.0853194,"lng":-77.0357761}', 'Lince, Peru'),
(411, '{"lat":-11.9834277,"lng":-77.0723199}', 'Avenida Las Palmeras 4308'),
(412, '{"lat":-12.111062,"lng":-77.0315913}', 'Miraflores, Peru'),
(413, '{"lat":-11.9834277,"lng":-77.0723199}', 'Avenida Las Palmeras 4308'),
(414, '{"lat":-12.111062,"lng":-77.0315913}', 'Miraflores, Peru'),
(415, '{"lat":-11.9836027,"lng":-77.0722199}', 'Avenida Las Palmeras 4308'),
(416, '{"lat":-12.111062,"lng":-77.0315913}', 'Miraflores, Peru'),
(417, '{"lat":-11.9836027,"lng":-77.0722199}', 'Avenida Las Palmeras 4308'),
(418, '{"lat":-12.111062,"lng":-77.0315913}', 'Miraflores, Peru');

-- --------------------------------------------------------

--
-- Estructura de tabla para la tabla `rides`
--

CREATE TABLE IF NOT EXISTS `rides` (
  `id` int(11) NOT NULL AUTO_INCREMENT,
  `routes_id` int(11) NOT NULL,
  `drivers_id` int(11) NOT NULL,
  `arrival_time` timestamp NOT NULL DEFAULT CURRENT_TIMESTAMP,
  `departure_time` timestamp NULL DEFAULT NULL,
  `price` double NOT NULL,
  `available_seats` int(11) NOT NULL,
  `statuses_id` int(11) NOT NULL,
  `created_at` timestamp NOT NULL DEFAULT CURRENT_TIMESTAMP,
  `updated_at` timestamp NULL DEFAULT NULL,
  `codigo_auto_gen` varchar(4) NOT NULL,
  `clie_id` int(11) NOT NULL,
  `paytip_id` int(11) NOT NULL,
  `clie_card_id` int(11) NOT NULL,
  `cupon_id` int(11) DEFAULT NULL,
  `cupon_monto` double(10,2) NOT NULL DEFAULT '0.00',
  PRIMARY KEY (`id`)
) ENGINE=InnoDB  DEFAULT CHARSET=utf8 AUTO_INCREMENT=183 ;

--
-- Volcado de datos para la tabla `rides`
--

INSERT INTO `rides` (`id`, `routes_id`, `drivers_id`, `arrival_time`, `departure_time`, `price`, `available_seats`, `statuses_id`, `created_at`, `updated_at`, `codigo_auto_gen`, `clie_id`, `paytip_id`, `clie_card_id`, `cupon_id`, `cupon_monto`) VALUES
(3, 15, 1, '2017-09-22 20:47:44', NULL, 21.85, 0, 3, '2017-09-22 20:47:44', '2017-09-22 20:52:45', '4975', 2, 1, 0, NULL, 0.00),
(4, 16, 1, '2017-09-22 20:53:52', NULL, 6.13, 0, 4, '2017-09-22 20:53:52', '2017-09-22 21:01:05', '0379', 2, 1, 0, NULL, 0.00),
(5, 17, 1, '2017-09-22 21:02:35', NULL, 6.13, 0, 4, '2017-09-22 21:02:35', '2017-09-22 21:05:50', '4288', 2, 1, 0, NULL, 0.00),
(6, 18, 1, '2017-09-22 21:07:13', NULL, 21.85, 0, 4, '2017-09-22 21:07:13', '2017-09-22 21:14:49', '3811', 2, 1, 0, NULL, 0.00),
(7, 19, 1, '2017-09-22 21:15:12', NULL, 21.85, 0, 4, '2017-09-22 21:15:12', '2017-09-22 21:41:03', '6224', 2, 1, 0, NULL, 0.00),
(8, 20, 1, '2017-09-22 21:41:59', NULL, 21.85, 0, 3, '2017-09-22 21:41:59', '2017-09-22 21:42:24', '4806', 2, 1, 0, NULL, 0.00),
(9, 21, 1, '2017-09-23 22:01:16', NULL, 21.62, 0, 4, '2017-09-23 22:01:16', '2017-09-23 22:02:49', '5382', 2, 1, 0, NULL, 0.00),
(10, 22, 1, '2017-09-23 22:03:53', NULL, 5.91, 0, 4, '2017-09-23 22:03:53', '2017-09-23 22:10:33', '0212', 2, 1, 0, NULL, 0.00),
(11, 23, 1, '2017-09-23 22:11:06', NULL, 5.91, 0, 4, '2017-09-23 22:11:06', '2017-09-23 22:14:46', '2128', 2, 1, 0, NULL, 0.00),
(12, 30, 1, '2017-09-23 22:33:07', NULL, 22, 0, 1, '2017-09-23 22:33:07', '2017-09-23 22:33:07', '9340', 2, 1, 0, NULL, 0.00),
(13, 31, 1, '2017-09-23 22:33:55', NULL, 22, 0, 1, '2017-09-23 22:33:55', '2017-09-23 22:33:55', '0202', 2, 1, 0, NULL, 0.00),
(14, 33, 1, '2017-09-23 22:34:20', NULL, 22, 0, 1, '2017-09-23 22:34:20', '2017-09-23 22:34:20', '5828', 2, 1, 0, NULL, 0.00),
(15, 34, 3, '2017-09-23 22:36:07', NULL, 4.95, 0, 3, '2017-09-23 22:36:07', '2017-09-23 22:39:27', '8525', 4, 1, 0, NULL, 0.00),
(16, 35, 1, '2017-09-23 22:47:22', NULL, 6.28, 0, 3, '2017-09-23 22:47:22', '2017-09-23 22:47:41', '6956', 2, 1, 0, NULL, 0.00),
(17, 36, 1, '2017-09-23 23:03:06', NULL, 6.28, 0, 3, '2017-09-23 23:03:06', '2017-09-23 23:06:24', '7751', 2, 1, 0, NULL, 0.00),
(18, 37, 1, '2017-09-23 23:07:34', NULL, 33.69, 0, 3, '2017-09-23 23:07:34', '2017-09-23 23:08:23', '0915', 2, 1, 0, NULL, 0.00),
(19, 38, 1, '2017-09-23 23:12:20', NULL, 6.28, 0, 3, '2017-09-23 23:12:20', '2017-09-23 23:13:22', '3803', 2, 1, 0, NULL, 0.00),
(20, 39, 1, '2017-09-23 23:14:31', NULL, 6.28, 0, 4, '2017-09-23 23:14:31', '2017-09-23 23:42:56', '2669', 2, 1, 0, NULL, 0.00),
(21, 40, 1, '2017-09-23 23:40:44', NULL, 22.74, 0, 4, '2017-09-23 23:40:44', '2017-09-23 23:42:56', '5107', 2, 1, 0, NULL, 0.00),
(22, 41, 1, '2017-09-23 23:43:51', NULL, 22.74, 0, 4, '2017-09-23 23:43:51', '2017-09-23 23:52:07', '1261', 2, 1, 0, NULL, 0.00),
(23, 42, 1, '2017-09-23 23:54:11', NULL, 22.74, 0, 4, '2017-09-23 23:54:11', '2017-09-23 23:55:17', '2467', 2, 1, 0, NULL, 0.00),
(24, 43, 1, '2017-09-23 23:55:37', NULL, 22.74, 0, 4, '2017-09-23 23:55:37', '2017-09-23 23:59:04', '7018', 2, 1, 0, NULL, 0.00),
(25, 44, 1, '2017-09-23 23:57:14', NULL, 6.28, 0, 4, '2017-09-23 23:57:14', '2017-09-23 23:59:04', '3558', 2, 1, 0, NULL, 0.00),
(26, 45, 1, '2017-09-24 00:02:41', NULL, 6.28, 0, 3, '2017-09-24 00:02:41', '2017-10-26 04:25:56', '9969', 2, 1, 0, NULL, 0.00),
(27, 46, 1, '2017-09-24 00:03:25', NULL, 6.28, 0, 4, '2017-09-24 00:03:25', '2017-09-24 00:03:37', '3199', 2, 1, 0, NULL, 0.00),
(28, 47, 1, '2017-09-24 00:08:43', NULL, 22.74, 0, 4, '2017-09-24 00:08:43', '2017-09-24 00:09:04', '2660', 2, 1, 0, NULL, 0.00),
(29, 48, 1, '2017-09-24 00:09:34', NULL, 22.74, 0, 4, '2017-09-24 00:09:34', '2017-09-24 00:15:11', '6885', 2, 1, 0, NULL, 0.00),
(30, 49, 1, '2017-09-24 00:39:19', NULL, 22.74, 0, 3, '2017-09-24 00:39:19', '2017-09-24 00:39:41', '7692', 2, 1, 0, NULL, 0.00),
(31, 50, 1, '2017-09-24 02:27:30', NULL, 22.74, 0, 4, '2017-09-24 02:27:30', '2017-09-24 02:55:34', '1791', 2, 1, 0, NULL, 0.00),
(32, 51, 1, '2017-09-24 02:29:25', NULL, 22.74, 0, 4, '2017-09-24 02:29:25', '2017-09-24 02:55:34', '0145', 2, 1, 0, NULL, 0.00),
(33, 52, 1, '2017-09-24 02:30:58', NULL, 22.74, 0, 4, '2017-09-24 02:30:58', '2017-09-24 02:55:34', '8181', 2, 1, 0, NULL, 0.00),
(34, 53, 1, '2017-09-24 03:08:55', NULL, 6.28, 0, 4, '2017-09-24 03:08:55', '2017-09-24 03:10:40', '3500', 2, 1, 0, NULL, 0.00),
(35, 54, 1, '2017-09-24 03:14:41', NULL, 22, 0, 3, '2017-09-24 03:14:41', '2017-09-24 03:15:47', '1392', 5, 1, 0, NULL, 0.00),
(36, 55, 1, '2017-09-24 03:16:23', NULL, 5, 0, 4, '2017-09-24 03:16:23', '2017-09-25 11:20:52', '4997', 5, 1, 0, NULL, 0.00),
(37, 56, 3, '2017-09-24 04:08:19', NULL, 22, 0, 4, '2017-09-24 04:08:19', '2017-09-24 04:17:07', '3982', 5, 1, 0, NULL, 0.00),
(38, 57, 3, '2017-09-24 04:13:23', NULL, 5, 0, 4, '2017-09-24 04:13:23', '2017-09-24 04:17:07', '8813', 5, 1, 0, NULL, 0.00),
(39, 58, 3, '2017-09-24 05:04:12', NULL, 5.09, 0, 4, '2017-09-24 05:04:12', '2017-09-24 05:07:13', '0838', 4, 1, 0, NULL, 0.00),
(40, 59, 3, '2017-09-24 12:49:05', NULL, 22.94, 0, 3, '2017-09-24 12:49:05', '2017-09-24 12:49:31', '5576', 4, 1, 0, NULL, 0.00),
(41, 60, 3, '2017-09-24 12:50:10', NULL, 22.82, 0, 3, '2017-09-24 12:50:10', '2017-09-24 12:51:47', '1580', 4, 1, 0, NULL, 0.00),
(42, 61, 3, '2017-09-24 12:57:44', NULL, 22.94, 0, 3, '2017-09-24 12:57:44', '2017-09-24 12:58:16', '0002', 4, 1, 0, NULL, 0.00),
(43, 62, 3, '2017-09-24 12:58:59', NULL, 20.93, 0, 3, '2017-09-24 12:58:59', '2017-09-24 12:59:21', '2417', 4, 1, 0, NULL, 0.00),
(44, 63, 3, '2017-09-24 15:45:17', NULL, 22.82, 0, 3, '2017-09-24 15:45:17', '2017-09-24 15:47:40', '3738', 4, 1, 0, NULL, 0.00),
(45, 64, 5, '2017-09-24 19:25:23', NULL, 5.09, 0, 3, '2017-09-24 21:25:23', '2017-09-24 21:26:46', '0069', 6, 1, 0, NULL, 0.00),
(46, 65, 5, '2017-09-24 20:32:32', NULL, 5.09, 0, 4, '2017-09-24 22:32:32', '2017-09-24 23:42:18', '4972', 6, 1, 0, NULL, 0.00),
(47, 66, 5, '2017-09-24 21:42:44', NULL, 22.82, 0, 4, '2017-09-24 23:42:44', '2017-09-24 23:42:48', '5039', 6, 1, 0, NULL, 0.00),
(48, 67, 5, '2017-09-24 21:43:11', NULL, 5.09, 0, 4, '2017-09-24 23:43:11', '2017-09-24 23:44:24', '8199', 6, 1, 0, NULL, 0.00),
(49, 68, 5, '2017-09-24 23:31:32', NULL, 4.99, 0, 4, '2017-09-25 01:31:32', '2017-09-25 01:38:53', '1385', 6, 1, 0, NULL, 0.00),
(50, 69, 5, '2017-09-24 23:40:27', NULL, 4.95, 0, 4, '2017-09-25 01:40:27', '2017-09-25 01:43:01', '7524', 6, 1, 0, NULL, 0.00),
(51, 70, 5, '2017-09-24 23:47:59', NULL, 4.95, 0, 4, '2017-09-25 01:47:59', '2017-09-25 01:57:58', '3651', 6, 1, 0, NULL, 0.00),
(52, 71, 5, '2017-09-24 23:59:36', NULL, 20.68, 0, 3, '2017-09-25 01:59:36', '2017-09-25 02:14:43', '9809', 6, 1, 0, NULL, 0.00),
(53, 72, 5, '2017-09-25 00:17:29', NULL, 22.85, 0, 3, '2017-09-25 02:17:29', '2017-09-25 02:18:59', '4705', 6, 1, 0, NULL, 0.00),
(54, 73, 5, '2017-09-25 00:20:56', NULL, 4.95, 0, 4, '2017-09-25 02:20:56', '2017-09-25 02:39:16', '9596', 6, 1, 0, NULL, 0.00),
(55, 74, 5, '2017-09-25 00:29:20', NULL, 5.09, 0, 4, '2017-09-25 02:29:20', '2017-09-25 02:39:16', '4521', 6, 1, 0, NULL, 0.00),
(56, 75, 5, '2017-09-25 00:31:56', NULL, 4.95, 0, 4, '2017-09-25 02:31:56', '2017-09-25 02:39:16', '3509', 6, 1, 0, NULL, 0.00),
(57, 76, 5, '2017-09-25 00:35:43', NULL, 8.94, 0, 4, '2017-09-25 02:35:43', '2017-09-25 02:39:16', '4938', 6, 1, 0, NULL, 0.00),
(58, 77, 5, '2017-09-25 00:38:08', NULL, 20.04, 0, 4, '2017-09-25 02:38:08', '2017-09-25 02:39:15', '2251', 6, 1, 0, NULL, 0.00),
(59, 78, 5, '2017-09-25 00:42:47', NULL, 36.26, 0, 4, '2017-09-25 02:42:47', '2017-09-25 02:44:32', '2551', 6, 1, 0, NULL, 0.00),
(60, 79, 5, '2017-09-25 00:42:49', NULL, 36.26, 0, 1, '2017-09-25 02:42:49', '2017-09-25 02:42:49', '6760', 6, 1, 0, NULL, 0.00),
(61, 80, 5, '2017-09-25 00:42:49', NULL, 36.26, 0, 1, '2017-09-25 02:42:49', '2017-09-25 02:42:49', '2447', 6, 1, 0, NULL, 0.00),
(62, 81, 5, '2017-09-25 00:42:49', NULL, 36.26, 0, 1, '2017-09-25 02:42:49', '2017-09-25 02:42:49', '4223', 6, 1, 0, NULL, 0.00),
(63, 82, 5, '2017-09-25 00:42:49', NULL, 36.26, 0, 4, '2017-09-25 02:42:49', '2017-09-25 02:44:25', '3926', 6, 1, 0, NULL, 0.00),
(64, 83, 5, '2017-09-25 00:45:12', NULL, 4.99, 0, 4, '2017-09-25 02:45:12', '2017-09-25 02:52:45', '4867', 6, 1, 0, NULL, 0.00),
(65, 84, 5, '2017-09-25 00:53:28', NULL, 22.94, 0, 3, '2017-09-25 02:53:28', '2017-09-25 02:54:54', '2328', 6, 1, 0, NULL, 0.00),
(66, 85, 5, '2017-09-25 00:58:50', NULL, 22.85, 0, 4, '2017-09-25 02:58:50', '2017-09-25 03:01:29', '0250', 6, 1, 0, NULL, 0.00),
(67, 86, 5, '2017-09-25 01:03:23', NULL, 22.85, 0, 4, '2017-09-25 03:03:23', '2017-09-25 03:04:54', '4278', 6, 1, 0, NULL, 0.00),
(68, 87, 5, '2017-09-25 01:05:39', NULL, 22.94, 0, 3, '2017-09-25 03:05:39', '2017-09-25 03:08:04', '7198', 6, 1, 0, NULL, 0.00),
(69, 88, 5, '2017-09-25 01:11:12', NULL, 22.85, 0, 3, '2017-09-25 03:11:12', '2017-09-25 03:11:34', '2700', 6, 1, 0, NULL, 0.00),
(70, 89, 5, '2017-09-25 01:14:05', NULL, 22.94, 0, 2, '2017-09-25 03:14:05', '2017-09-25 03:15:24', '5592', 6, 1, 0, NULL, 0.00),
(71, 90, 5, '2017-09-25 01:21:26', NULL, 8.94, 0, 2, '2017-09-25 03:21:26', '2017-09-25 03:21:51', '2580', 6, 1, 0, NULL, 0.00),
(72, 91, 5, '2017-09-25 01:24:34', NULL, 5.09, 0, 4, '2017-09-25 03:24:34', '2017-09-25 03:25:39', '9636', 6, 1, 0, NULL, 0.00),
(73, 92, 5, '2017-09-25 01:28:10', NULL, 22.94, 0, 4, '2017-09-25 03:28:10', '2017-09-25 03:28:34', '0048', 6, 1, 0, NULL, 0.00),
(74, 93, 5, '2017-09-25 01:31:09', NULL, 22.94, 0, 4, '2017-09-25 03:31:09', '2017-09-25 03:33:04', '8133', 6, 1, 0, NULL, 0.00),
(75, 94, 5, '2017-09-25 01:32:37', NULL, 5.09, 0, 4, '2017-09-25 03:32:37', '2017-09-25 03:33:03', '7058', 6, 1, 0, NULL, 0.00),
(76, 95, 5, '2017-09-25 01:35:28', NULL, 8.94, 0, 4, '2017-09-25 03:35:28', '2017-09-25 03:37:01', '2043', 6, 1, 0, NULL, 0.00),
(77, 96, 5, '2017-09-25 01:36:36', NULL, 8.94, 0, 4, '2017-09-25 03:36:36', '2017-09-25 03:37:00', '8732', 6, 1, 0, NULL, 0.00),
(78, 97, 5, '2017-09-25 01:37:16', NULL, 9.02, 0, 4, '2017-09-25 03:37:16', '2017-09-25 03:41:50', '1345', 6, 1, 0, NULL, 0.00),
(79, 98, 5, '2017-09-25 01:42:23', NULL, 8.94, 0, 3, '2017-09-25 03:42:23', '2017-09-25 03:42:32', '0319', 6, 1, 0, NULL, 0.00),
(80, 99, 5, '2017-09-25 01:44:00', NULL, 8.94, 0, 4, '2017-09-25 03:44:00', '2017-09-25 04:12:21', '9458', 6, 1, 0, NULL, 0.00),
(81, 100, 5, '2017-09-25 01:46:58', NULL, 4.95, 0, 4, '2017-09-25 03:46:58', '2017-09-25 04:12:21', '0966', 6, 1, 0, NULL, 0.00),
(82, 101, 5, '2017-09-25 01:50:05', NULL, 5.09, 0, 4, '2017-09-25 03:50:05', '2017-09-25 04:12:20', '0629', 6, 1, 0, NULL, 0.00),
(83, 102, 5, '2017-09-25 01:50:58', NULL, 23.44, 0, 4, '2017-09-25 03:50:58', '2017-09-25 04:12:21', '1261', 6, 1, 0, NULL, 0.00),
(84, 103, 5, '2017-09-25 01:54:02', NULL, 22.85, 0, 4, '2017-09-25 03:54:02', '2017-09-25 04:12:21', '0591', 6, 1, 0, NULL, 0.00),
(85, 104, 5, '2017-09-25 01:55:22', NULL, 22.85, 0, 4, '2017-09-25 03:55:22', '2017-09-25 03:55:49', '4047', 6, 1, 0, NULL, 0.00),
(86, 105, 5, '2017-09-25 01:58:07', NULL, 8.94, 0, 4, '2017-09-25 03:58:07', '2017-09-25 04:12:21', '0350', 6, 1, 0, NULL, 0.00),
(87, 106, 5, '2017-09-25 01:59:11', NULL, 21.97, 0, 4, '2017-09-25 03:59:11', '2017-09-25 04:12:21', '8989', 6, 1, 0, NULL, 0.00),
(88, 107, 5, '2017-09-25 01:59:57', NULL, 22.94, 0, 4, '2017-09-25 03:59:57', '2017-09-25 04:12:21', '5008', 6, 1, 0, NULL, 0.00),
(89, 108, 5, '2017-09-25 02:08:27', NULL, 4.99, 0, 4, '2017-09-25 04:08:27', '2017-09-25 04:08:37', '0667', 6, 1, 0, NULL, 0.00),
(90, 109, 5, '2017-09-25 02:12:13', NULL, 22.85, 0, 4, '2017-09-25 04:12:13', '2017-09-25 04:12:17', '9825', 6, 1, 0, NULL, 0.00),
(91, 110, 5, '2017-09-25 02:15:52', NULL, 5.09, 0, 4, '2017-09-25 04:15:52', '2017-09-25 04:16:07', '8243', 6, 1, 0, NULL, 0.00),
(92, 111, 5, '2017-09-25 02:17:10', NULL, 36.32, 0, 4, '2017-09-25 04:17:10', '2017-09-25 04:17:17', '1534', 6, 1, 0, NULL, 0.00),
(93, 112, 5, '2017-09-25 02:22:50', NULL, 5.19, 0, 3, '2017-09-25 04:22:50', '2017-09-25 04:24:57', '7956', 6, 1, 0, NULL, 0.00),
(94, 113, 6, '2017-09-25 02:26:22', NULL, 4.99, 0, 3, '2017-09-25 04:26:22', '2017-09-25 04:34:13', '3839', 6, 1, 0, NULL, 0.00),
(95, 114, 5, '2017-09-25 02:32:32', NULL, 5.08, 0, 3, '2017-09-25 04:32:32', '2017-09-25 04:34:08', '9574', 2, 1, 0, NULL, 0.00),
(96, 115, 6, '2017-09-25 04:40:58', NULL, 68.76, 0, 3, '2017-09-25 06:40:58', '2017-09-25 07:03:04', '1396', 6, 1, 0, NULL, 0.00),
(97, 116, 6, '2017-09-25 05:10:13', NULL, 45.44, 0, 3, '2017-09-25 07:10:13', '2017-09-25 07:13:03', '2272', 6, 1, 0, NULL, 0.00),
(98, 117, 6, '2017-09-25 05:14:43', NULL, 41.59, 0, 3, '2017-09-25 07:14:43', '2017-09-25 07:15:26', '3208', 6, 1, 0, NULL, 0.00),
(99, 118, 6, '2017-09-25 06:03:49', NULL, 60.48, 0, 3, '2017-09-25 08:03:49', '2017-09-25 08:04:25', '3531', 6, 1, 0, NULL, 0.00),
(100, 119, 6, '2017-09-25 06:05:52', NULL, 45.35, 0, 3, '2017-09-25 08:05:52', '2017-09-25 08:06:27', '7497', 6, 1, 0, NULL, 0.00),
(101, 120, 6, '2017-09-25 09:23:16', NULL, 59.35, 0, 3, '2017-09-25 11:23:16', '2017-09-25 11:24:00', '4441', 6, 1, 0, NULL, 0.00),
(102, 121, 6, '2017-09-25 09:59:38', NULL, 68.67, 0, 3, '2017-09-25 11:59:38', '2017-09-25 12:00:25', '7859', 6, 1, 0, NULL, 0.00),
(103, 122, 6, '2017-09-25 10:54:52', NULL, 59.35, 0, 3, '2017-09-25 12:54:52', '2017-09-25 12:55:32', '4686', 6, 1, 0, NULL, 0.00),
(104, 123, 10, '2017-09-25 12:06:43', NULL, 45.35, 0, 3, '2017-09-25 14:06:43', '2017-09-25 14:07:49', '1384', 7, 1, 0, NULL, 0.00),
(105, 124, 10, '2017-09-26 21:34:17', NULL, 41.59, 0, 4, '2017-09-26 23:34:17', '2017-09-27 02:15:50', '5394', 6, 1, 0, NULL, 0.00),
(106, 125, 10, '2017-09-27 05:21:53', NULL, 72.67, 0, 3, '2017-09-27 07:21:53', '2017-09-27 07:22:44', '6885', 14, 1, 0, NULL, 0.00),
(107, 126, 10, '2017-09-27 05:42:14', NULL, 73.11, 0, 3, '2017-09-27 07:42:14', '2017-09-27 07:42:58', '3345', 14, 1, 0, NULL, 0.00),
(108, 127, 11, '2017-09-27 11:31:25', NULL, 60.39, 0, 3, '2017-09-27 13:31:25', '2017-09-27 13:32:19', '8309', 14, 1, 0, NULL, 0.00),
(109, 128, 10, '2017-09-27 16:42:57', NULL, 43.12, 0, 3, '2017-09-27 18:42:57', '2017-09-27 18:45:58', '5550', 8, 1, 0, NULL, 0.00),
(110, 129, 10, '2017-09-27 16:53:27', NULL, 49.5, 0, 3, '2017-09-27 18:53:27', '2017-09-27 18:55:08', '1049', 8, 1, 0, NULL, 0.00),
(111, 130, 10, '2017-10-07 22:09:48', NULL, 22, 0, 4, '2017-10-08 00:09:48', '2017-10-08 00:13:16', '4708', 23, 1, 0, NULL, 0.00),
(112, 131, 11, '2017-10-08 22:24:03', NULL, 83.62, 0, 4, '2017-10-09 00:24:03', '2017-10-09 01:34:11', '2721', 23, 0, 0, NULL, 0.00),
(113, 132, 10, '2017-10-09 04:46:32', NULL, 83.62, 0, 4, '2017-10-09 06:46:32', '2017-10-09 06:48:57', '1821', 23, 0, 0, NULL, 0.00),
(114, 133, 10, '2017-10-09 04:58:41', NULL, 83.62, 0, 4, '2017-10-09 06:58:41', '2017-10-09 07:07:36', '6192', 23, 0, 0, NULL, 0.00),
(115, 134, 10, '2017-10-09 05:08:04', NULL, 83.62, 0, 4, '2017-10-09 07:08:04', '2017-10-09 07:10:17', '5178', 23, 0, 0, NULL, 0.00),
(116, 135, 10, '2017-10-09 05:11:04', NULL, 83.62, 0, 4, '2017-10-09 07:11:04', '2017-10-09 07:23:07', '3452', 23, 0, 0, NULL, 0.00),
(117, 136, 10, '2017-10-09 05:29:49', NULL, 106.27, 0, 3, '2017-10-09 07:29:49', '2017-10-09 21:57:58', '0599', 23, 0, 0, NULL, 0.00),
(118, 137, 10, '2017-10-10 01:18:43', NULL, 85.43, 0, 3, '2017-10-10 03:18:43', '2017-10-10 03:21:09', '1706', 23, 0, 0, NULL, 0.00),
(119, 138, 11, '2017-10-10 01:28:40', NULL, 44.17, 0, 3, '2017-10-10 03:28:40', '2017-10-10 03:30:18', '3533', 16, 1, 0, NULL, 0.00),
(120, 139, 10, '2017-10-10 02:17:09', NULL, 127.34, 0, 4, '2017-10-10 04:17:09', '2017-10-10 05:05:42', '7397', 23, 0, 0, NULL, 0.00),
(121, 140, 10, '2017-10-10 03:19:04', NULL, 103.12, 0, 3, '2017-10-10 05:19:04', '2017-10-10 05:39:38', '4002', 23, 0, 0, NULL, 0.00),
(122, 141, 10, '2017-10-10 06:27:18', NULL, 83.62, 0, 3, '2017-10-10 08:27:18', '2017-10-10 08:28:49', '1740', 23, 0, 0, NULL, 0.00),
(123, 142, 10, '2017-10-10 16:12:30', NULL, 67.08, 0, 3, '2017-10-10 18:12:30', '2017-10-10 18:13:29', '2274', 24, 0, 0, NULL, 0.00),
(124, 143, 10, '2017-10-10 18:45:27', NULL, 64.47, 0, 3, '2017-10-10 20:45:27', '2017-10-10 20:46:12', '8825', 25, 0, 0, NULL, 0.00),
(125, 144, 10, '2017-10-10 19:39:43', NULL, 66.81, 0, 3, '2017-10-10 21:39:43', '2017-10-10 21:44:15', '4763', 25, 0, 0, NULL, 0.00),
(126, 145, 11, '2017-10-11 17:21:41', NULL, 83.48, 0, 3, '2017-10-11 19:21:41', '2017-10-11 19:22:55', '2256', 26, 0, 0, NULL, 0.00),
(127, 146, 10, '2017-10-11 21:00:57', NULL, 89.14, 0, 4, '2017-10-11 23:00:57', '2017-10-11 23:01:40', '1869', 26, 0, 0, NULL, 0.00),
(128, 147, 10, '2017-10-13 12:27:45', NULL, 83.38, 0, 4, '2017-10-13 14:27:45', '2017-10-13 15:03:22', '4213', 25, 0, 0, NULL, 0.00),
(129, 148, 11, '2017-10-13 13:23:52', NULL, 58.53, 0, 4, '2017-10-13 15:23:52', '2017-10-13 15:30:10', '2051', 16, 1, 0, NULL, 0.00),
(130, 149, 10, '2017-10-13 16:40:29', NULL, 66.78, 0, 4, '2017-10-13 18:40:29', '2017-10-13 18:42:53', '8578', 25, 0, 0, NULL, 0.00),
(131, 150, 10, '2017-10-13 17:02:20', NULL, 61.45, 0, 4, '2017-10-13 19:02:20', '2017-10-13 19:10:38', '6125', 8, 1, 0, NULL, 0.00),
(132, 151, 10, '2017-10-17 17:36:07', NULL, 105.93, 0, 4, '2017-10-17 19:36:07', '2017-10-17 19:36:38', '8287', 16, 0, 0, NULL, 0.00),
(133, 152, 10, '2017-10-17 22:52:13', NULL, 83.56, 0, 4, '2017-10-18 00:52:13', '2017-10-18 00:52:46', '5148', 16, 0, 0, NULL, 0.00),
(134, 153, 11, '2017-10-19 21:16:52', NULL, 63.77, 0, 3, '2017-10-19 23:16:52', '2017-10-20 02:14:23', '3413', 16, 1, 0, NULL, 0.00),
(135, 154, 11, '2017-10-20 04:14:29', NULL, 89.27, 0, 1, '2017-10-20 06:14:29', '2017-10-20 06:14:29', '1206', 16, 1, 0, NULL, 0.00),
(136, 155, 11, '2017-10-20 04:29:39', NULL, 103.14, 0, 4, '2017-10-20 06:29:39', '2017-10-20 06:30:52', '5900', 16, 1, 0, NULL, 0.00),
(137, 156, 11, '2017-10-20 04:41:13', NULL, 80.34, 0, 4, '2017-10-20 06:41:13', '2017-10-20 06:41:50', '5120', 16, 1, 0, NULL, 0.00),
(138, 157, 12, '2017-10-20 04:45:07', NULL, 90.36, 0, 3, '2017-10-20 06:45:07', '2017-10-20 08:24:34', '4647', 16, 1, 0, NULL, 0.00),
(139, 158, 12, '2017-10-20 06:55:28', NULL, 121.01, 0, 3, '2017-10-20 08:55:28', '2017-10-20 08:56:58', '6096', 16, 1, 0, NULL, 0.00),
(140, 159, 12, '2017-10-23 15:12:09', NULL, 87.02, 0, 4, '2017-10-23 17:12:09', '2017-10-23 17:13:17', '9398', 8, 1, 0, NULL, 0.00),
(141, 160, 12, '2017-10-23 15:16:23', NULL, 66.91, 0, 3, '2017-10-23 17:16:23', '2017-10-23 17:17:47', '6873', 8, 1, 0, NULL, 0.00),
(142, 161, 14, '2017-10-23 16:16:41', NULL, 93.85, 0, 4, '2017-10-23 18:16:41', '2017-10-23 18:26:46', '0895', 8, 1, 0, NULL, 0.00),
(143, 162, 14, '2017-10-23 16:20:07', NULL, 93.85, 0, 4, '2017-10-23 18:20:07', '2017-10-23 18:26:48', '2826', 8, 1, 0, NULL, 0.00),
(144, 163, 14, '2017-10-23 16:33:44', NULL, 87.02, 0, 4, '2017-10-23 18:33:44', '2017-10-23 18:40:07', '5768', 8, 1, 0, NULL, 0.00),
(145, 164, 12, '2017-10-23 16:47:41', NULL, 85.39, 0, 4, '2017-10-23 18:47:41', '2017-10-23 18:47:54', '0947', 8, 1, 0, NULL, 0.00),
(146, 165, 14, '2017-10-23 16:48:46', NULL, 93.85, 0, 4, '2017-10-23 18:48:46', '2017-10-23 18:50:39', '8918', 8, 1, 0, NULL, 0.00),
(147, 166, 14, '2017-10-23 16:51:36', NULL, 94.68, 0, 1, '2017-10-23 18:51:36', '2017-10-23 18:51:36', '8176', 8, 1, 0, NULL, 0.00),
(148, 167, 14, '2017-10-23 16:52:32', NULL, 94.68, 0, 4, '2017-10-23 18:52:32', '2017-10-23 18:55:08', '1731', 8, 1, 0, NULL, 0.00),
(149, 168, 14, '2017-10-23 16:57:30', NULL, 92.6, 0, 4, '2017-10-23 18:57:30', '2017-10-23 19:06:10', '2792', 29, 0, 0, NULL, 0.00),
(150, 177, 12, '2017-10-26 02:19:18', NULL, 147.04, 0, 2, '2017-10-26 04:19:18', '2017-10-26 04:29:35', '9069', 16, 0, 0, NULL, 0.00),
(151, 178, 12, '2017-10-26 02:36:29', NULL, 121.4, 0, 3, '2017-10-26 04:36:29', '2017-10-26 04:44:57', '4857', 16, 0, 0, NULL, 0.00),
(152, 179, 12, '2017-10-26 02:52:57', NULL, 147.04, 0, 3, '2017-10-26 04:52:57', '2017-10-26 04:56:33', '6074', 16, 0, 0, NULL, 0.00),
(153, 180, 12, '2017-10-26 03:02:57', NULL, 147.04, 0, 3, '2017-10-26 05:02:57', '2017-10-26 05:08:06', '0293', 16, 0, 0, NULL, 0.00),
(154, 181, 12, '2017-10-26 03:12:57', NULL, 147.04, 0, 3, '2017-10-26 05:12:57', '2017-10-26 05:16:10', '4839', 16, 0, 0, NULL, 0.00),
(155, 182, 12, '2017-10-26 19:40:11', NULL, 81.17, 0, 3, '2017-10-26 21:40:11', '2017-10-26 21:47:31', '6369', 16, 0, 0, 0, 0.00),
(156, 183, 12, '2017-10-26 19:49:47', NULL, 81.17, 0, 3, '2017-10-26 21:49:47', '2017-10-26 21:56:15', '3173', 16, 0, 0, 0, 0.00),
(157, 184, 12, '2017-10-26 20:02:01', NULL, 91.52, 0, 3, '2017-10-26 22:02:01', '2017-10-26 22:08:35', '3621', 16, 0, 0, 0, 0.00),
(158, 185, 12, '2017-10-26 20:10:47', NULL, 66.07, 0, 3, '2017-10-26 22:10:47', '2017-10-26 22:13:34', '7446', 16, 0, 0, 0, 0.00),
(159, 186, 12, '2017-10-27 05:13:19', NULL, 91.52, 0, 3, '2017-10-27 07:13:19', '2017-10-27 07:16:32', '9106', 16, 0, 0, 0, 0.00),
(160, 187, 12, '2017-10-27 14:02:48', NULL, 66.07, 0, 3, '2017-10-27 16:02:48', '2017-10-27 16:11:18', '1502', 16, 0, 0, 0, 19.82),
(161, 188, 12, '2017-10-27 14:13:52', NULL, 75.43, 0, 1, '2017-10-27 16:13:52', '2017-10-27 16:13:52', '2504', 16, 0, 0, 5, 22.63),
(162, 189, 12, '2017-10-27 14:43:05', NULL, 76.5, 0, 1, '2017-10-27 16:43:05', '2017-10-27 16:43:05', '2558', 16, 0, 0, 5, 22.95),
(163, 190, 12, '2017-10-27 14:46:54', NULL, 75.43, 0, 4, '2017-10-27 16:46:54', '2017-10-27 17:18:05', '5751', 16, 0, 0, 5, 22.63),
(164, 191, 12, '2017-10-27 15:08:49', NULL, 91.52, 0, 4, '2017-10-27 17:08:49', '2017-10-27 17:18:05', '6874', 16, 0, 0, 0, 0.00),
(165, 192, 12, '2017-10-27 15:25:15', NULL, 112.66, 0, 1, '2017-10-27 17:25:15', '2017-10-27 17:25:15', '4297', 16, 0, 0, 0, 0.00),
(166, 193, 12, '2017-10-27 15:47:41', NULL, 112.66, 0, 3, '2017-10-27 17:47:41', '2017-10-27 18:34:00', '5354', 16, 0, 0, 0, 0.00),
(167, 194, 12, '2017-10-27 16:35:19', NULL, 147.04, 0, 4, '2017-10-27 18:35:19', '2017-10-27 18:36:52', '3441', 16, 0, 0, 0, 0.00),
(168, 195, 12, '2017-10-27 16:44:13', NULL, 147.04, 0, 4, '2017-10-27 18:44:13', '2017-10-27 18:47:12', '4501', 16, 0, 0, 0, 0.00),
(169, 196, 12, '2017-10-27 16:50:03', NULL, 112.66, 0, 4, '2017-10-27 18:50:03', '2017-10-27 18:53:44', '0113', 16, 0, 0, 0, 0.00),
(170, 197, 12, '2017-10-27 17:20:49', NULL, 112.66, 0, 4, '2017-10-27 19:20:49', '2017-10-27 19:21:35', '8438', 16, 0, 0, 0, 0.00),
(171, 198, 12, '2017-10-27 17:26:34', NULL, 112.66, 0, 4, '2017-10-27 19:26:34', '2017-10-27 19:28:14', '1687', 16, 0, 0, 0, 0.00),
(172, 199, 12, '2017-10-27 17:36:12', NULL, 91.52, 0, 4, '2017-10-27 19:36:12', '2017-10-27 19:37:03', '9336', 16, 0, 0, 0, 0.00),
(173, 200, 12, '2017-10-27 17:42:55', NULL, 81.17, 0, 4, '2017-10-27 19:42:55', '2017-10-27 19:43:16', '5702', 16, 0, 0, 5, 24.35),
(174, 201, 12, '2017-10-27 17:46:00', NULL, 91.52, 0, 4, '2017-10-27 19:46:00', '2017-10-27 19:46:31', '6352', 16, 0, 0, 0, 0.00),
(175, 202, 12, '2017-10-27 17:52:17', NULL, 121.4, 0, 4, '2017-10-27 19:52:17', '2017-10-27 19:52:29', '3634', 16, 0, 0, 0, 0.00),
(176, 203, 15, '2017-10-30 15:40:16', NULL, 120.73, 0, 4, '2017-10-30 17:40:16', '2017-10-30 18:16:51', '9768', 31, 1, 0, 0, 0.00),
(177, 204, 15, '2017-10-30 16:34:30', NULL, 110.68, 0, 4, '2017-10-30 18:34:30', '2017-10-30 18:35:32', '7334', 31, 1, 0, 0, 0.00),
(178, 205, 15, '2017-10-30 16:40:10', NULL, 110.68, 0, 4, '2017-10-30 18:40:10', '2017-10-30 18:45:15', '3824', 31, 1, 0, 0, 0.00),
(179, 206, 15, '2017-10-30 18:21:10', NULL, 120.73, 0, 4, '2017-10-30 20:21:10', '2017-10-30 20:36:20', '0900', 31, 1, 0, 0, 0.00),
(180, 207, 12, '2017-10-30 19:18:46', NULL, 120.73, 0, 4, '2017-10-30 21:18:46', '2017-10-30 21:31:26', '5048', 31, 1, 0, 0, 0.00),
(181, 208, 12, '2017-10-31 02:13:32', NULL, 120.73, 0, 4, '2017-10-31 04:13:32', '2017-10-31 04:14:41', '1943', 31, 1, 0, 0, 0.00),
(182, 209, 12, '2017-10-31 02:23:35', NULL, 120.73, 0, 4, '2017-10-31 04:23:35', '2017-10-31 04:23:55', '1946', 31, 1, 0, 0, 0.00);

-- --------------------------------------------------------

--
-- Estructura de tabla para la tabla `roles`
--

CREATE TABLE IF NOT EXISTS `roles` (
  `id` int(10) unsigned NOT NULL AUTO_INCREMENT,
  `name` varchar(191) COLLATE utf8mb4_unicode_ci NOT NULL,
  `display_name` varchar(191) COLLATE utf8mb4_unicode_ci DEFAULT NULL,
  `description` varchar(191) COLLATE utf8mb4_unicode_ci DEFAULT NULL,
  `created_at` timestamp NULL DEFAULT NULL,
  `updated_at` timestamp NULL DEFAULT NULL,
  PRIMARY KEY (`id`),
  UNIQUE KEY `roles_name_unique` (`name`)
) ENGINE=InnoDB  DEFAULT CHARSET=utf8mb4 COLLATE=utf8mb4_unicode_ci AUTO_INCREMENT=5 ;

--
-- Volcado de datos para la tabla `roles`
--

INSERT INTO `roles` (`id`, `name`, `display_name`, `description`, `created_at`, `updated_at`) VALUES
(1, 'administrador', 'Administrador', 'Administrador o dueño del centro de acopio', '2016-11-29 09:43:43', '2017-02-27 07:34:05'),
(3, 'moderador', 'Moderador', 'Modera los comentarios y publicaciones', '2016-11-29 09:47:07', '2017-06-14 03:05:55'),
(4, 'supervisor', 'Supervisor', 'Supervisor de la empresa', '2016-12-03 20:15:48', '2017-02-27 07:33:29');

-- --------------------------------------------------------

--
-- Estructura de tabla para la tabla `role_user`
--

CREATE TABLE IF NOT EXISTS `role_user` (
  `user_id` int(10) unsigned NOT NULL,
  `role_id` int(10) unsigned NOT NULL,
  PRIMARY KEY (`user_id`,`role_id`),
  KEY `role_user_role_id_foreign` (`role_id`)
) ENGINE=InnoDB DEFAULT CHARSET=utf8mb4 COLLATE=utf8mb4_unicode_ci;

--
-- Volcado de datos para la tabla `role_user`
--

INSERT INTO `role_user` (`user_id`, `role_id`) VALUES
(1, 1),
(2, 1),
(3, 1),
(5, 1),
(4, 3);

-- --------------------------------------------------------

--
-- Estructura de tabla para la tabla `routes`
--

CREATE TABLE IF NOT EXISTS `routes` (
  `id` int(11) NOT NULL AUTO_INCREMENT,
  `description` varchar(256) NOT NULL,
  `destinations_id` int(11) NOT NULL,
  `sources_id` int(11) NOT NULL,
  PRIMARY KEY (`id`)
) ENGINE=InnoDB  DEFAULT CHARSET=utf8 AUTO_INCREMENT=210 ;

--
-- Volcado de datos para la tabla `routes`
--

INSERT INTO `routes` (`id`, `description`, `destinations_id`, `sources_id`) VALUES
(1, 'carrera', 2, 1),
(2, 'carrera', 4, 3),
(3, 'carrera', 6, 5),
(4, 'carrera', 8, 7),
(5, 'carrera', 10, 9),
(6, 'carrera', 12, 11),
(7, 'carrera', 14, 13),
(8, 'carrera', 16, 15),
(9, 'carrera', 18, 17),
(10, 'carrera', 20, 19),
(11, 'carrera', 22, 21),
(12, 'carrera', 24, 23),
(13, 'carrera', 26, 25),
(14, 'carrera', 28, 27),
(15, 'carrera', 30, 29),
(16, 'carrera', 32, 31),
(17, 'carrera', 34, 33),
(18, 'carrera', 36, 35),
(19, 'carrera', 38, 37),
(20, 'carrera', 40, 39),
(21, 'carrera', 42, 41),
(22, 'carrera', 44, 43),
(23, 'carrera', 46, 45),
(24, 'carrera', 48, 47),
(25, 'carrera', 50, 49),
(26, 'carrera', 52, 51),
(27, 'carrera', 54, 53),
(28, 'carrera', 56, 55),
(29, 'carrera', 58, 57),
(30, 'carrera', 60, 59),
(31, 'carrera', 62, 61),
(32, 'carrera', 64, 63),
(33, 'carrera', 66, 65),
(34, 'carrera', 68, 67),
(35, 'carrera', 70, 69),
(36, 'carrera', 72, 71),
(37, 'carrera', 74, 73),
(38, 'carrera', 76, 75),
(39, 'carrera', 78, 77),
(40, 'carrera', 80, 79),
(41, 'carrera', 82, 81),
(42, 'carrera', 84, 83),
(43, 'carrera', 86, 85),
(44, 'carrera', 88, 87),
(45, 'carrera', 90, 89),
(46, 'carrera', 92, 91),
(47, 'carrera', 94, 93),
(48, 'carrera', 96, 95),
(49, 'carrera', 98, 97),
(50, 'carrera', 100, 99),
(51, 'carrera', 102, 101),
(52, 'carrera', 104, 103),
(53, 'carrera', 106, 105),
(54, 'carrera', 108, 107),
(55, 'carrera', 110, 109),
(56, 'carrera', 112, 111),
(57, 'carrera', 114, 113),
(58, 'carrera', 116, 115),
(59, 'carrera', 118, 117),
(60, 'carrera', 120, 119),
(61, 'carrera', 122, 121),
(62, 'carrera', 124, 123),
(63, 'carrera', 126, 125),
(64, 'carrera', 128, 127),
(65, 'carrera', 130, 129),
(66, 'carrera', 132, 131),
(67, 'carrera', 134, 133),
(68, 'carrera', 136, 135),
(69, 'carrera', 138, 137),
(70, 'carrera', 140, 139),
(71, 'carrera', 142, 141),
(72, 'carrera', 144, 143),
(73, 'carrera', 146, 145),
(74, 'carrera', 148, 147),
(75, 'carrera', 150, 149),
(76, 'carrera', 152, 151),
(77, 'carrera', 154, 153),
(78, 'carrera', 156, 155),
(79, 'carrera', 158, 157),
(80, 'carrera', 160, 159),
(81, 'carrera', 162, 161),
(82, 'carrera', 164, 163),
(83, 'carrera', 166, 165),
(84, 'carrera', 168, 167),
(85, 'carrera', 170, 169),
(86, 'carrera', 172, 171),
(87, 'carrera', 174, 173),
(88, 'carrera', 176, 175),
(89, 'carrera', 178, 177),
(90, 'carrera', 180, 179),
(91, 'carrera', 182, 181),
(92, 'carrera', 184, 183),
(93, 'carrera', 186, 185),
(94, 'carrera', 188, 187),
(95, 'carrera', 190, 189),
(96, 'carrera', 192, 191),
(97, 'carrera', 194, 193),
(98, 'carrera', 196, 195),
(99, 'carrera', 198, 197),
(100, 'carrera', 200, 199),
(101, 'carrera', 202, 201),
(102, 'carrera', 204, 203),
(103, 'carrera', 206, 205),
(104, 'carrera', 208, 207),
(105, 'carrera', 210, 209),
(106, 'carrera', 212, 211),
(107, 'carrera', 214, 213),
(108, 'carrera', 216, 215),
(109, 'carrera', 218, 217),
(110, 'carrera', 220, 219),
(111, 'carrera', 222, 221),
(112, 'carrera', 224, 223),
(113, 'carrera', 226, 225),
(114, 'carrera', 228, 227),
(115, 'carrera', 230, 229),
(116, 'carrera', 232, 231),
(117, 'carrera', 234, 233),
(118, 'carrera', 236, 235),
(119, 'carrera', 238, 237),
(120, 'carrera', 240, 239),
(121, 'carrera', 242, 241),
(122, 'carrera', 244, 243),
(123, 'carrera', 246, 245),
(124, 'carrera', 248, 247),
(125, 'carrera', 250, 249),
(126, 'carrera', 252, 251),
(127, 'carrera', 254, 253),
(128, 'carrera', 256, 255),
(129, 'carrera', 258, 257),
(130, 'carrera', 260, 259),
(131, 'carrera', 262, 261),
(132, 'carrera', 264, 263),
(133, 'carrera', 266, 265),
(134, 'carrera', 268, 267),
(135, 'carrera', 270, 269),
(136, 'carrera', 272, 271),
(137, 'carrera', 274, 273),
(138, 'carrera', 276, 275),
(139, 'carrera', 278, 277),
(140, 'carrera', 280, 279),
(141, 'carrera', 282, 281),
(142, 'carrera', 284, 283),
(143, 'carrera', 286, 285),
(144, 'carrera', 288, 287),
(145, 'carrera', 290, 289),
(146, 'carrera', 292, 291),
(147, 'carrera', 294, 293),
(148, 'carrera', 296, 295),
(149, 'carrera', 298, 297),
(150, 'carrera', 300, 299),
(151, 'carrera', 302, 301),
(152, 'carrera', 304, 303),
(153, 'carrera', 306, 305),
(154, 'carrera', 308, 307),
(155, 'carrera', 310, 309),
(156, 'carrera', 312, 311),
(157, 'carrera', 314, 313),
(158, 'carrera', 316, 315),
(159, 'carrera', 318, 317),
(160, 'carrera', 320, 319),
(161, 'carrera', 322, 321),
(162, 'carrera', 324, 323),
(163, 'carrera', 326, 325),
(164, 'carrera', 328, 327),
(165, 'carrera', 330, 329),
(166, 'carrera', 332, 331),
(167, 'carrera', 334, 333),
(168, 'carrera', 336, 335),
(169, 'carrera', 338, 337),
(170, 'carrera', 340, 339),
(171, 'carrera', 342, 341),
(172, 'carrera', 344, 343),
(173, 'carrera', 346, 345),
(174, 'carrera', 348, 347),
(175, 'carrera', 350, 349),
(176, 'carrera', 352, 351),
(177, 'carrera', 354, 353),
(178, 'carrera', 356, 355),
(179, 'carrera', 358, 357),
(180, 'carrera', 360, 359),
(181, 'carrera', 362, 361),
(182, 'carrera', 364, 363),
(183, 'carrera', 366, 365),
(184, 'carrera', 368, 367),
(185, 'carrera', 370, 369),
(186, 'carrera', 372, 371),
(187, 'carrera', 374, 373),
(188, 'carrera', 376, 375),
(189, 'carrera', 378, 377),
(190, 'carrera', 380, 379),
(191, 'carrera', 382, 381),
(192, 'carrera', 384, 383),
(193, 'carrera', 386, 385),
(194, 'carrera', 388, 387),
(195, 'carrera', 390, 389),
(196, 'carrera', 392, 391),
(197, 'carrera', 394, 393),
(198, 'carrera', 396, 395),
(199, 'carrera', 398, 397),
(200, 'carrera', 400, 399),
(201, 'carrera', 402, 401),
(202, 'carrera', 404, 403),
(203, 'carrera', 406, 405),
(204, 'carrera', 408, 407),
(205, 'carrera', 410, 409),
(206, 'carrera', 412, 411),
(207, 'carrera', 414, 413),
(208, 'carrera', 416, 415),
(209, 'carrera', 418, 417);

-- --------------------------------------------------------

--
-- Estructura de tabla para la tabla `statuses`
--

CREATE TABLE IF NOT EXISTS `statuses` (
  `id` int(11) NOT NULL AUTO_INCREMENT,
  `status` varchar(25) NOT NULL,
  PRIMARY KEY (`id`)
) ENGINE=InnoDB  DEFAULT CHARSET=utf8 AUTO_INCREMENT=6 ;

--
-- Volcado de datos para la tabla `statuses`
--

INSERT INTO `statuses` (`id`, `status`) VALUES
(1, 'en camino'),
(2, 'en carrera'),
(3, 'finalizado'),
(4, 'cancelado'),
(5, 'Espera');

-- --------------------------------------------------------

--
-- Estructura de tabla para la tabla `tickets`
--

CREATE TABLE IF NOT EXISTS `tickets` (
  `id` int(11) NOT NULL AUTO_INCREMENT,
  `rides_id` int(11) NOT NULL,
  `clients_id` int(11) NOT NULL,
  `payment_types_id` int(11) NOT NULL,
  `fecha` timestamp NOT NULL DEFAULT CURRENT_TIMESTAMP,
  PRIMARY KEY (`id`)
) ENGINE=InnoDB  DEFAULT CHARSET=utf8 AUTO_INCREMENT=127 ;

--
-- Volcado de datos para la tabla `tickets`
--

INSERT INTO `tickets` (`id`, `rides_id`, `clients_id`, `payment_types_id`, `fecha`) VALUES
(2, 3, 2, 1, '2017-09-22 20:52:00'),
(3, 4, 2, 1, '2017-09-22 21:00:55'),
(4, 5, 2, 1, '2017-09-22 21:05:03'),
(5, 7, 2, 1, '2017-09-22 21:17:50'),
(6, 8, 2, 1, '2017-09-22 21:42:24'),
(7, 9, 2, 1, '2017-09-23 22:01:51'),
(8, 15, 4, 1, '2017-09-23 22:39:27'),
(9, 16, 2, 1, '2017-09-23 22:47:41'),
(10, 17, 2, 1, '2017-09-23 23:06:24'),
(11, 18, 2, 1, '2017-09-23 23:08:23'),
(12, 19, 2, 1, '2017-09-23 23:13:22'),
(13, 20, 2, 1, '2017-09-23 23:15:40'),
(14, 21, 2, 1, '2017-09-23 23:41:47'),
(15, 22, 2, 1, '2017-09-23 23:44:19'),
(16, 24, 2, 1, '2017-09-23 23:56:06'),
(17, 26, 2, 1, '2017-09-24 00:02:59'),
(18, 29, 2, 1, '2017-09-24 00:10:25'),
(19, 30, 2, 1, '2017-09-24 00:39:41'),
(20, 31, 2, 1, '2017-09-24 02:28:07'),
(21, 32, 2, 1, '2017-09-24 02:30:30'),
(22, 33, 2, 1, '2017-09-24 02:54:52'),
(23, 35, 5, 1, '2017-09-24 03:15:47'),
(24, 37, 5, 1, '2017-09-24 04:10:59'),
(25, 40, 4, 1, '2017-09-24 12:49:31'),
(26, 41, 4, 1, '2017-09-24 12:51:47'),
(27, 42, 4, 1, '2017-09-24 12:58:16'),
(28, 43, 4, 1, '2017-09-24 12:59:21'),
(29, 44, 4, 1, '2017-09-24 15:47:40'),
(30, 45, 6, 1, '2017-09-24 19:26:46'),
(31, 52, 6, 1, '2017-09-25 00:14:43'),
(32, 53, 6, 1, '2017-09-25 00:18:59'),
(33, 54, 6, 1, '2017-09-25 00:28:42'),
(34, 55, 6, 1, '2017-09-25 00:30:04'),
(35, 56, 6, 1, '2017-09-25 00:32:32'),
(36, 57, 6, 1, '2017-09-25 00:37:31'),
(37, 65, 6, 1, '2017-09-25 00:54:54'),
(38, 67, 6, 1, '2017-09-25 01:04:18'),
(39, 68, 6, 1, '2017-09-25 01:08:04'),
(40, 69, 6, 1, '2017-09-25 01:11:34'),
(41, 69, 6, 1, '2017-09-25 01:11:34'),
(42, 69, 6, 1, '2017-09-25 01:11:34'),
(43, 69, 6, 1, '2017-09-25 01:11:34'),
(44, 69, 6, 1, '2017-09-25 01:11:34'),
(45, 69, 6, 1, '2017-09-25 01:11:35'),
(46, 69, 6, 1, '2017-09-25 01:11:38'),
(47, 69, 6, 1, '2017-09-25 01:11:38'),
(48, 69, 6, 1, '2017-09-25 01:11:38'),
(49, 69, 6, 1, '2017-09-25 01:11:38'),
(50, 69, 6, 1, '2017-09-25 01:11:38'),
(51, 69, 6, 1, '2017-09-25 01:11:39'),
(52, 69, 6, 1, '2017-09-25 01:11:39'),
(53, 69, 6, 1, '2017-09-25 01:11:39'),
(54, 69, 6, 1, '2017-09-25 01:11:39'),
(55, 69, 6, 1, '2017-09-25 01:11:39'),
(56, 69, 6, 1, '2017-09-25 01:11:44'),
(57, 69, 6, 1, '2017-09-25 01:11:44'),
(58, 69, 6, 1, '2017-09-25 01:11:44'),
(59, 69, 6, 1, '2017-09-25 01:11:44'),
(60, 69, 6, 1, '2017-09-25 01:11:44'),
(61, 69, 6, 1, '2017-09-25 01:11:44'),
(62, 69, 6, 1, '2017-09-25 01:11:44'),
(63, 69, 6, 1, '2017-09-25 01:11:44'),
(64, 69, 6, 1, '2017-09-25 01:11:44'),
(65, 69, 6, 1, '2017-09-25 01:11:44'),
(66, 69, 6, 1, '2017-09-25 01:11:45'),
(67, 69, 6, 1, '2017-09-25 01:11:45'),
(68, 69, 6, 1, '2017-09-25 01:11:45'),
(69, 69, 6, 1, '2017-09-25 01:11:45'),
(70, 74, 6, 1, '2017-09-25 01:32:01'),
(71, 76, 6, 1, '2017-09-25 01:36:15'),
(72, 79, 6, 1, '2017-09-25 01:42:32'),
(73, 80, 6, 1, '2017-09-25 01:44:46'),
(74, 81, 6, 1, '2017-09-25 01:47:28'),
(75, 82, 6, 1, '2017-09-25 01:50:32'),
(76, 83, 6, 1, '2017-09-25 01:51:39'),
(77, 84, 6, 1, '2017-09-25 01:54:35'),
(78, 86, 6, 1, '2017-09-25 01:58:37'),
(79, 87, 6, 1, '2017-09-25 01:59:38'),
(80, 88, 6, 1, '2017-09-25 02:00:20'),
(81, 93, 6, 1, '2017-09-25 02:24:57'),
(82, 95, 2, 1, '2017-09-25 02:34:08'),
(83, 94, 6, 1, '2017-09-25 02:34:13'),
(84, 96, 6, 1, '2017-09-25 05:03:04'),
(85, 97, 6, 1, '2017-09-25 05:13:03'),
(86, 98, 6, 1, '2017-09-25 05:15:26'),
(87, 99, 6, 1, '2017-09-25 06:04:25'),
(88, 100, 6, 1, '2017-09-25 06:06:27'),
(89, 101, 6, 1, '2017-09-25 09:24:00'),
(90, 102, 6, 1, '2017-09-25 10:00:25'),
(91, 103, 6, 1, '2017-09-25 10:55:32'),
(92, 104, 7, 1, '2017-09-25 12:07:49'),
(93, 106, 14, 1, '2017-09-27 05:22:44'),
(94, 107, 14, 1, '2017-09-27 05:42:55'),
(95, 108, 14, 1, '2017-09-27 11:32:16'),
(96, 109, 8, 1, '2017-09-27 16:45:55'),
(97, 110, 8, 1, '2017-09-27 16:55:06'),
(98, 117, 23, 1, '2017-10-09 19:57:54'),
(99, 118, 23, 1, '2017-10-10 01:21:06'),
(100, 119, 16, 1, '2017-10-10 01:30:15'),
(101, 121, 23, 1, '2017-10-10 03:39:35'),
(102, 122, 23, 1, '2017-10-10 06:28:46'),
(103, 123, 24, 1, '2017-10-10 16:13:26'),
(104, 124, 25, 1, '2017-10-10 18:46:09'),
(105, 125, 25, 1, '2017-10-10 19:44:12'),
(106, 126, 26, 1, '2017-10-11 17:22:51'),
(107, 130, 25, 1, '2017-10-13 16:42:50'),
(108, 134, 16, 1, '2017-10-20 00:14:16'),
(109, 138, 16, 1, '2017-10-20 06:24:26'),
(110, 139, 16, 1, '2017-10-20 06:56:52'),
(111, 141, 8, 1, '2017-10-23 15:17:44'),
(112, 142, 8, 1, '2017-10-23 16:19:27'),
(113, 149, 29, 1, '2017-10-23 16:59:10'),
(114, 150, 16, 1, '2017-10-26 02:29:23'),
(115, 151, 16, 1, '2017-10-26 02:44:54'),
(116, 152, 16, 1, '2017-10-26 02:56:28'),
(117, 153, 16, 1, '2017-10-26 03:08:02'),
(118, 154, 16, 1, '2017-10-26 03:16:07'),
(119, 155, 16, 1, '2017-10-26 19:47:28'),
(120, 156, 16, 1, '2017-10-26 19:56:12'),
(121, 157, 16, 1, '2017-10-26 20:08:31'),
(122, 158, 16, 1, '2017-10-26 20:13:31'),
(123, 159, 16, 1, '2017-10-27 05:16:29'),
(124, 160, 16, 1, '2017-10-27 14:11:15'),
(125, 163, 16, 1, '2017-10-27 14:50:25'),
(126, 166, 16, 1, '2017-10-27 16:33:57');

-- --------------------------------------------------------

--
-- Estructura de tabla para la tabla `users`
--

CREATE TABLE IF NOT EXISTS `users` (
  `id` int(11) NOT NULL AUTO_INCREMENT,
  `email` varchar(255) NOT NULL,
  `password` varchar(60) NOT NULL,
  `roles_id` int(11) NOT NULL,
  `name` varchar(100) NOT NULL,
  `telefono` varchar(10) NOT NULL,
  `activo` tinyint(4) DEFAULT '0',
  `created_at` timestamp NULL DEFAULT NULL,
  `deleted_at` timestamp NULL DEFAULT NULL,
  `updated_at` timestamp NULL DEFAULT NULL,
  `remember_token` varchar(100) DEFAULT NULL,
  `user_reg_modo` varchar(30) NOT NULL DEFAULT 'Correo',
  `user_foto` text,
  `direccion` varchar(200) DEFAULT NULL,
  `cod_cliente` varchar(100) DEFAULT NULL,
  PRIMARY KEY (`id`)
) ENGINE=InnoDB  DEFAULT CHARSET=utf8 AUTO_INCREMENT=48 ;

--
-- Volcado de datos para la tabla `users`
--

INSERT INTO `users` (`id`, `email`, `password`, `roles_id`, `name`, `telefono`, `activo`, `created_at`, `deleted_at`, `updated_at`, `remember_token`, `user_reg_modo`, `user_foto`, `direccion`, `cod_cliente`) VALUES
(1, 'alanmejia@gmail.com', '$2y$10$kz4bUAB0FwoeYwdnBl7gUusKA568JfXFy8WRoCV4InjoWlimcYpGi', 1, 'Alan Mejia', '985632596', 0, '2017-09-22 04:12:36', NULL, '2017-09-22 04:12:36', NULL, 'Correo', 'imagenes/usuarios/imagen-usuario-21092017231236.jpg', NULL, NULL),
(2, 'cesarmejia@gmail.com', '$2y$10$UT9ERnyz40wRh7yoC9wGHeebQbVjHIbnQpgKNU4VakOMcwUTf2.OC', 2, 'Cesar', '963258639', 1, '2017-09-22 06:53:28', NULL, '2017-09-22 07:06:29', NULL, 'Correo', 'imagenes/perfil/icono-perfilusuario-22092017015328.jpg', NULL, NULL),
(3, 'alanusuario@gmail.com', '$2y$10$IxvVzqs8Hbu0Jjmx2p829On8I9MrtdC/mzmHFia4KBiV5jHyseFZG', 1, 'Alan Usuario', '562341253', 0, '2017-09-22 07:10:40', NULL, '2017-09-22 07:10:40', NULL, 'Correo', 'imagenes/usuarios/imagen-usuario-22092017021040.jpg', NULL, NULL),
(4, 'usuarioprueba@gmail.com', '$2y$10$BD42.JYtWuecczAvcjAM6.JYlz/yzAXYIBbwkDhxsDbWP6RU48NFe', 1, 'Usuario Prueba', '963258741', 0, '2017-09-22 16:47:11', NULL, '2017-09-22 16:47:11', NULL, 'Correo', 'imagenes/usuarios/imagen-usuario-22092017114711.jpg', NULL, NULL),
(5, 'galloclaudio@gmail.com', '$2y$10$kiG4RIzbVGLmHjZHgHwKeulSxxfYIhHFYBMuJnWnhfn6gZkuMs8va', 2, 'Gallo', '695847231', 1, '2017-09-22 17:40:52', NULL, '2017-09-22 17:41:55', NULL, 'Correo', 'imagenes/perfil/icono-perfilusuario-22092017124052.jpg', NULL, NULL),
(6, 'alisosprincipe@gmail.com', '$2y$10$8Mo7drw5w6neiM/j6oxQquU2zuA6dhDwJDWVcJl4xW4rrlI2jV5A2', 2, 'Alisos', '456123678', 1, '2017-09-23 22:17:31', NULL, '2017-09-23 22:18:22', NULL, 'Correo', 'imagenes/perfil/icono-perfilusuario-23092017171731.jpg', NULL, NULL),
(7, 'alanprincipe@gmail.com', '$2y$10$wKynMlwBDliy/XYLODEdcek8tpgFIGx/nRqhlMn3qLBYPvc7M2Lqe', 1, 'Alan Principe', '963258741', 0, '2017-09-23 22:35:49', NULL, '2017-09-23 22:35:49', NULL, 'Correo', 'imagenes/usuarios/imagen-usuario-23092017173549.jpg', NULL, NULL),
(8, 'luis@gmail.com', '$2y$10$ZrjEKSRZ9Vhd0CDQM8nqSeef8LCovin598oEaT0qvDKdPJomVB/ai', 1, 'Luis Cruz', '963258741', 0, '2017-09-24 03:13:36', NULL, '2017-09-24 03:13:36', NULL, 'Correo', 'imagenes/usuarios/imagen-usuario-23092017221336.jpg', NULL, NULL),
(9, 'armando@gmail.com', '$2y$10$PhksBZWHNgDHZDKwy1E9xua8d7VR7WnHWcKmAHmU7QnFqCkEDeM/W', 1, 'Armando Casas', '963258963', 0, '2017-09-24 19:38:56', NULL, '2017-09-24 19:38:56', NULL, 'Correo', 'imagenes/usuarios/imagen-usuario-24092017123855.jpg', NULL, NULL),
(10, 'armandoparedes@gmail.com', '$2y$10$GP3kUSnj1wc4ikDIxQGDiue8.KGe3cUjx9QxLn2wtUfu/q2jlGopq', 2, 'Armando', '456123789', 1, '2017-09-24 19:40:55', NULL, '2017-09-24 19:49:18', NULL, 'Correo', 'imagenes/perfil/icono-perfilusuario-24092017124055.jpg', NULL, NULL),
(11, 'fluc_lscc@gmail.com', '$2y$10$sYN0n5hRu1H2z1pMryp1BeJMBdUDEp.KSE6H45ORkNDRkv55LgMxK', 2, 'Luis', '921129020', 1, '2017-09-24 21:06:20', NULL, '2017-09-24 21:23:52', NULL, 'Correo', 'imagenes/perfil/icono-perfilusuario-24092017140620.jpg', NULL, NULL),
(12, 'milagrosalfaro@gmail.com', '$2y$10$4BEsIfvYuU5zlAiASB0FJ.76nPtjHCkuK5nXkr8DM6uuKSI//iJ22', 2, 'Milagros', '965874169', 1, '2017-09-25 04:21:06', NULL, '2017-09-25 04:25:38', NULL, 'Correo', 'imagenes/perfil/icono-perfilusuario-24092017212106.jpg', NULL, NULL),
(13, 'licin@test.com', '$2y$10$R5KPt8bUrzQxjswU6qSYMOwN2sR7.XgsatRm2Hbq3qQDjCmxY0zf2', 2, 'Lichin', '965874123', 1, '2017-09-25 08:45:08', NULL, '2017-09-25 08:53:29', NULL, 'Correo', 'imagenes/perfil/icono-perfilusuario-25092017014508.jpg', NULL, NULL),
(14, 'gallo@test.com', '$2y$10$7BmFFw05azkA6Y7rf4jng.OcOEm4GfwWpivef/bKdh4PRTbDXmZre', 2, 'Conductor', '963852147', 1, '2017-09-25 09:06:18', NULL, '2017-09-25 09:07:04', NULL, 'Correo', 'imagenes/perfil/icono-perfilusuario-25092017020618.jpg', NULL, NULL),
(15, 'alanmejia@gmail.com', '$2y$10$kzxU9xihsRs2m4RGINT5AutkajH5i/pko5SFeWi0sY4p9cAeuvhee', 2, 'Alan', '963258741', 0, '2017-09-25 13:17:04', NULL, '2017-09-25 13:17:04', NULL, 'Correo', 'imagenes/perfil/icono-perfilusuario-25092017061704.jpg', NULL, NULL),
(16, 'conductor@test.com', '$2y$10$tD.ynewzg2HxP9OFN3m.q.CvRDK..Y2XmgDBPy9UxlfmYdkM2yley', 2, 'Conductor', '963258741', 1, '2017-09-25 14:02:54', NULL, '2017-09-25 14:05:17', NULL, 'Correo', 'imagenes/perfil/icono-perfilusuario-25092017070254.jpg', NULL, NULL),
(17, 'usuario@test.com', '$2y$10$Vl/eUdXPxBhZTGVvt87Oo.CrOYlGLO0DF6G29beyvKgQ1.KoJ5D76', 1, 'Usuario Prueba', '963258741', 0, '2017-09-25 14:04:42', NULL, '2017-09-25 14:04:42', NULL, 'Correo', 'imagenes/usuarios/imagen-usuario-25092017070442.jpg', NULL, NULL),
(18, 'voodoo_jacc@hotmail.com', '$2y$10$3dh6a99KVLSflIjCbnzs0O7wxx4xCS4L.aUItSf5vnKnoOAhfFv8m', 1, 'Jose Antonio Carrasco Chavez', '987318756', 0, '2017-09-25 14:47:58', NULL, '2017-09-27 18:38:48', NULL, 'Facebook', 'https://graph.facebook.com/10155594366194458/picture?width=200&height=150', 'av alameda del corregidor 350 la Molina', 'cus_test_AIkVMkackkdLgBUi'),
(19, 'fluc_lscc@gmail.com', '$2y$10$TZNuPKqRgY2Q3zQwTodd5exBEkr/Q60ZiVXlW2B0yIM7dE7d1nuiO', 1, 'Luis Criz', '921129020', 0, '2017-09-25 20:42:33', NULL, '2017-09-25 20:42:33', NULL, 'Correo', 'imagenes/usuarios/imagen-usuario-25092017134233.jpg', NULL, NULL),
(20, 'alanmejia@test.com', '$2y$10$Gmbv3K1.4qVImC38SgTuqO5b/7XPv1iqTbY/.SNAkMpdFiXFoj656', 1, 'Alan Mejia', '963258741', 0, '2017-09-27 04:51:39', NULL, '2017-09-27 04:52:52', NULL, 'Correo', 'imagenes/usuarios/imagen-usuario-26092017215138.jpg', 'av. mi peru 344', NULL),
(21, 'alisosmarquina@test.com', '$2y$10$SK7BU9x8NccmeLkwJbrPmukTjAhqhU6NCXi9FaKi7uDE21hVxT6nu', 1, 'Alisos Marquina', '965874236', 0, '2017-09-27 04:55:34', NULL, '2017-09-27 04:55:34', NULL, 'Correo', 'imagenes/usuarios/imagen-usuario-26092017215534.jpg', NULL, NULL),
(22, 'cesar@test.com', '$2y$10$QCHIiB4c/E1v9RIYjBL8q.Md4g9wbSuCACI52A.XJg/vvk2LJDjuy', 1, 'Cesar Cueva Mejia', '963258741', 0, '2017-09-27 05:04:04', NULL, '2017-09-27 05:46:49', NULL, 'Correo', 'imagenes/usuarios/imagen-usuario-26092017220404.jpg', 'av. alisos 344, los olivos', NULL),
(23, 'cristian@test.com', '$2y$10$jxnYMZM4Bu5AdddtS3kxOOo8qvIUGdPyo/VjQzHD1xYhg3OLISmsW', 1, 'Cristian Mejia', '965789456', 0, '2017-09-27 06:45:29', NULL, '2017-09-27 06:53:47', NULL, 'Correo', 'imagenes/usuarios/imagen-usuario-26092017234528.jpg', 'huanchay 4806, los olivos', NULL),
(24, 'alanpruebas@test.com', '$2y$10$e7Wvol7Aym02zuomB55HM.7ZaQCMeqoUIs..Gk.1VJGg/pNZD0jne', 1, 'Alan Pruebas', '963258963', 0, '2017-09-27 07:00:51', NULL, '2017-09-27 07:14:34', NULL, 'Correo', 'imagenes/usuarios/imagen-usuario-27092017000051.jpg', 'Cl. lince 233, lince', 'cus_test_tzL07xwD4We5ypvA'),
(25, 'conductorp@test.com', '$2y$10$PrJDvryApHR4Fs54zgiPiu6cUH8cJgYX9VNJwcTIlmXj4sKxLxN9K', 2, 'Conductor', '967584772', 1, '2017-09-27 13:29:58', NULL, '2017-09-27 13:31:09', NULL, 'Correo', 'imagenes/perfil/icono-perfilusuario-27092017062958.jpg', NULL, NULL),
(26, 'alanpd@test.com', '$2y$10$gS.aJu6FNkbRQCLfnz/vc.NVwatXte8CclOA0Iq0UCKCoql6F3SAG', 1, 'Alan Paredes', '896547239', 0, '2017-09-27 16:56:37', NULL, '2017-10-03 20:28:25', NULL, 'email', 'imagenes/usuarios/imagen-usuario-27092017095637.jpg', 'Av. el ejercito 455', 'cus_test_5qwPZCiubs84LahW'),
(27, 'imarvdt@gmail.com', '$2y$10$Efs3bmeUjdVTXVWKO44Qk.TNXowWAuaryxHmg6BMhi0v3BNHe7Zz2', 2, 'Alan Cesar', '987456231', 1, '2017-09-27 17:06:28', NULL, '2017-10-20 06:44:29', NULL, 'Correo', 'imagenes/perfil/icono-perfilusuario-27092017100628.jpg', NULL, NULL),
(28, 'dacdevelopers@gmail.com', '$2y$10$k.bhoitypfpe1p5A3iXIT.6PrHD8s2LNNi1SQ8zlwHx9fsOnxCefK', 1, 'Dac Devs', '963258741', 0, '2017-09-28 00:09:45', NULL, '2017-10-05 22:39:24', NULL, 'Google', 'https://lh4.googleusercontent.com/-r23rX2KD8sM/AAAAAAAAAAI/AAAAAAAAADI/C8OSkJhJ3_w/photo.jpg', 'Huanchay 4829, los olivos', 'cus_test_LnNPAcggW73XmdvN'),
(29, 'iosprueba@gmail.com', '$2y$10$jDMlb2sHlD0lFQT9W3lNuO2ny7g3ygMHibv5tzuwZpys1tQQ7NZgK', 1, 'IOS Prueba', '963528745', 0, '2017-10-04 08:03:48', NULL, '2017-10-04 08:03:48', NULL, 'Correo', NULL, NULL, NULL),
(30, 'iosprueba1@gmail.com', '$2y$10$sHAR.0n3QsM0IQp.Lf9jXeihrURy4UgMSnpU8EwwQ02gMTMQSCTQy', 1, 'IOS TEST', '963528744', 0, '2017-10-04 08:43:35', NULL, '2017-10-04 08:43:35', NULL, 'Correo', NULL, NULL, NULL),
(31, 'alanprincipe@test.dev', '$2y$10$4JMxj4JcWMJq1S5g8I6QCeDQbzCbKIqeFWC9XEcV5dC2ALmiwQeDS', 1, 'Alan Principe', '789456321', 0, '2017-10-04 17:39:48', NULL, '2017-10-04 17:39:48', NULL, 'Correo', NULL, NULL, NULL),
(32, 'usuariop@test.dev', '$2y$10$GKXe/JeRzJBndcrdEHo4Wejb0nHWYH1a8PobO9LqOl2qdjQ5ExigG', 1, 'Usuario Prueba', '369852147', 0, '2017-10-04 18:03:06', NULL, '2017-10-04 18:03:06', NULL, 'Correo', 'imagenes/usuarios/imagen-usuario-04102017110306.jpg', NULL, NULL),
(33, 'alanpm@test.dev', '$2y$10$.yaODMA0xq/FyGGBoSmLKOuDOEAakbZyRI51GzB4J3RWPRg5wn4Ra', 1, 'Alan Principe', '369852366', 0, '2017-10-04 23:54:14', NULL, '2017-10-06 15:40:25', NULL, 'email', 'imagenes/usuarios/imagen-usuario-04102017165414.jpg', 'Av. Mexico 344', 'cus_test_DvqFiON0gVFoJxxT'),
(34, 'cm@test.dev', '$2y$10$.L1Pcv8BOuSHcAO.p/ehHe2kA7vU5B7q7hvS51KwnV5Guu/mVL9hO', 1, 'Cesar Mejia', '938232863', 0, '2017-10-06 18:38:58', NULL, '2017-10-06 18:43:04', NULL, 'Correo', 'imagenes/usuarios/imagen-usuario-06102017113857.jpg', 'Huanchay 4829, Los Olivos', 'cus_test_bD2smeo2XekDDPZL'),
(35, 'alandev@test.dev', '$2y$10$wCU2i7QhfMR6D3hlWNsD9.q28qlr5guwRjEecB85u3FXsXraTVPZG', 1, 'Alan Dev', '789456123', 0, '2017-10-06 18:44:45', NULL, '2017-10-06 18:45:19', NULL, 'Correo', 'imagenes/usuarios/imagen-usuario-06102017114445.jpg', 'Huanchay 7896, Lince', 'cus_test_Q1zOvrPrKi3pUPOd'),
(36, 'cesarmarquina@test.com', '$2y$10$gdfwpgfOp19HSVT5UdU2seghWgPNdqloqvdFKO83u7d1GoePmBReS', 1, 'Cesar Marquina', '999988202', 0, '2017-10-10 18:02:08', NULL, '2017-10-10 18:09:01', NULL, 'Correo', 'imagenes/usuarios/imagen-usuario-10102017110208.jpg', 'Av. Huancar 234, Los Olivos', 'cus_test_0k7XqhFPvnwC1ghU'),
(37, 'pedromejia@test.com', '$2y$10$FHDnNwTrw4VSFljGUPccCe5RzoDzJBfaugmfFIAblrzLUqyMyCB3G', 1, 'Pedro Mejia Cuba', '938267876', 0, '2017-10-10 20:24:52', NULL, '2017-10-26 01:38:29', NULL, 'email', 'imagenes/usuarios/imagen-usuario-10102017132452.jpg', 'Av. Lima 455', 'cus_test_5dREK5351nC0HcpR'),
(38, 'erickcez@gmail.com', '$2y$10$LY/nY7WX0em86M75sYDTh.dymROS1NZlluT0q3eAkgeC12o/CJWbG', 1, 'Erick Cespedez', '965863236', 0, '2017-10-11 19:08:49', NULL, '2017-10-11 19:09:50', NULL, 'Correo', NULL, 'av. lima 233', 'cus_test_ObbFmbryEs657hQF'),
(39, 'rprado@gmail.com', '$2y$10$nArYweclWfj3FTBMsqbeze3auBtg7xulkvvh3ExUrop.XU3ZM64ou', 1, 'Ricardo Prado', '963258741', 0, '2017-10-12 22:54:26', NULL, '2017-10-12 22:54:26', NULL, 'Correo', 'imagenes/usuarios/imagen-usuario-12102017155426.jpg', 'av. lince 123', NULL),
(40, 'rifsz@yahoo.com', '$2y$10$yjyKNIn4hzDSHg4uEtedjOpYJM2D/V63Zz9P/pLkBONmWZ.3sluVy', 1, 'Ricardo Edelsztein', '933226512', 0, '2017-10-20 16:14:20', NULL, '2017-10-20 16:30:01', NULL, 'Correo', 'imagenes/usuarios/imagen-usuario-20102017091420.jpg', 'san telmo 115', 'cus_test_CfTsfPX1oW0qxyLo'),
(41, 'redelsz@hotmail.com', '$2y$10$N1thEFyyQBefa3qAnw74u.90BifYKVmBt4oe15Yo1hsOZs0C4eg/W', 1, 'Ricardo Edelsztein', '933226512', 0, '2017-10-22 15:49:19', NULL, '2017-10-23 05:10:58', NULL, 'Correo', 'imagenes/usuarios/imagen-usuario-22102017084919.jpg', 'paul de beaudiez 268 san isidro', 'cus_test_TT8mKBH5tVm3qhgE'),
(42, 'mgv.cesarmejia@gmail.com', '$2y$10$kjWEpdia38trtqXdH9xkUecz9BpTDvv.XRCl07U36LusWdc81xC5y', 1, 'Cesar Alan Cueva Mejia', '938232863', 0, '2017-10-22 23:29:49', NULL, '2017-10-23 06:14:21', NULL, 'Correo', 'imagenes/usuarios/imagen-usuario-22102017231128.jpg', 'Av. Hunchay 4825, Los Olivos', 'cus_test_Kb1WastmDRZXoOFw'),
(43, 'j.carrasco@rocket.pe', '$2y$10$epzqu.FNOwzCIHfkfDOAJe08.dKObtBnMaxqzqYmIVJS2mpW/wHSW', 2, 'Jose', '999999999', 1, '2017-10-23 17:26:09', NULL, '2017-10-23 17:32:54', NULL, 'Correo', 'imagenes/perfil/icono-perfilusuario-23102017102609.jpg', NULL, NULL),
(44, 'rio@yahoo.com', '$2y$10$IJha1sdjLNU6hVBTWbJWs.I67kAS9.N.wqD5tARBI7XihPH1jJ.ja', 2, 'Juan', '991685333', 1, '2017-10-23 18:15:00', NULL, '2017-10-23 18:15:41', NULL, 'Correo', 'imagenes/perfil/icono-perfilusuario-23102017111500.jpg', NULL, NULL),
(45, 'yocenpperu@gmail.com', '$2y$10$9/koj13O76hgUFOvfcl5NOmv6eqDnaZKrOPE.7IrSPnNjlLZrQORK', 2, 'Yocenp', '938232863', 1, '2017-10-27 21:34:04', NULL, '2017-10-27 22:37:29', NULL, 'Correo', 'imagenes/perfil/icono-perfilusuario-27102017143403.jpg', NULL, NULL),
(46, 'taxiganga@test.com', '$2y$10$Ve6qkmy7I6mOxQcPgaDr0ucb9YHX68aDUTNmANfCuB5vOfKQC84di', 1, 'Taxi Ganga', '632541897', 0, '2017-10-28 17:08:19', NULL, '2017-10-28 19:49:50', NULL, 'Correo', 'imagenes/usuarios/imagen-usuario-28102017100819.jpg', 'huanchay 4829, lima', 'cus_test_oux2pqThxJKECga2'),
(47, 'cacmejia@hotmail.com', '$2y$10$Atm/HHxc4CMsomHgNgOazOJ8WAsdo3zZgetXE1Nu81Ja7vZtQZmU6', 1, 'Cesar Mejia', '985632142', 0, '2017-10-29 21:57:15', NULL, '2017-10-29 21:57:15', NULL, 'Correo', 'imagenes/usuarios/imagen-usuario-29102017145715.jpg', 'Av. Juan hay 345', NULL);

/*!40101 SET CHARACTER_SET_CLIENT=@OLD_CHARACTER_SET_CLIENT */;
/*!40101 SET CHARACTER_SET_RESULTS=@OLD_CHARACTER_SET_RESULTS */;
/*!40101 SET COLLATION_CONNECTION=@OLD_COLLATION_CONNECTION */;
